,titre,date,description,lien
0,Douze idÃ©es de sorties pour la Nuit blanche 2025Â en Ile-de-France,"Fri, 06 Jun 2025 05:00:15 +0200","La rÃ©alisatrice ValÃ©rie Donzelli est la directrice artistique de la 24áµ‰ Ã©dition de la manifestation nocturne, samedi 7Â juin, dont la programmation est placÃ©e sous le signe de la rÃ©sistance. DÃ©couvrez notre sÃ©lection dans le in et le off.",https://www.lemonde.fr/culture/article/2025/06/06/douze-idees-de-sortie-pour-la-nuit-blanche-2025-en-ile-de-france_6610754_3246.html
1,TNT : retrouvez la nouvelle numÃ©rotation des chaÃ®nes qui entre en vigueur ce vendredi 6 juin,"Fri, 06 Jun 2025 11:54:46 +0200","INFOGRAPHIE - La rÃ©organisation de la tÃ©lÃ©vision numÃ©rique terrestre est dÃ©sormais effective. Deux nouvelles chaÃ®nes font leur apparition, plusieurs autres changent de place. Une mise Ã  jour automatique a Ã©tÃ© dÃ©ployÃ©e cette nuit pour la majoritÃ© des tÃ©lÃ©viseurs.",https://www.lefigaro.fr/medias/tnt-retrouvez-la-nouvelle-numerotation-des-chaines-qui-entre-en-vigueur-des-le-6-juin-20250530
2,,07 Jun 2025 12:15 +0000,"ğŸ‰ Au festival de Mediapart, lâ€™ambiance est au rendez-vous ! Nâ€™hÃ©sitez pas Ã  venir, il y a toujours des places disponibles !

ğŸª Tables rondes, dÃ©bats, Ã©missions, concerts, ballades Ã©colo et beaucoup plus vous attendent au Point Fort dâ€™Aubervilliers jusquâ€™Ã  minuit ! ğŸ‘‰ https://l.mediapart.fr/Euq",https://bsky.app/profile/mediapart.fr/post/3lqzda3hn422u
3,â€œLes Innocents de la CandelÃ¡riaâ€ veut â€œrendre lâ€™enfanceâ€ de victimes de la police de Rio,"Tue, 05 Nov 2024 11:59:12 +0100","Dans la nuit du 23Â juillet 1993, des policiers militaires tuent huit enfants et jeunes sans abri qui dormaient devant une Ã©glise de Rio. â€œLes Innocents de la CandelÃ¡riaâ€, sortie le 30Â octobre sur Netflix, revisite par la fiction ce drame qui a choquÃ© le BrÃ©sil. La presse du pays salue une sÃ©rie privilÃ©giant la reprÃ©sentation des rÃªveries enfantines plutÃ´t que la violence.",https://www.courrierinternational.com/article/serie-les-innocents-de-la-candelaria-veut-rendre-l-enfance-de-victimes-de-la-police-de-rio_224167
4,Mort de NahelÂ : le policier auteur du tir sera jugÃ© pour meurtre,"Tue, 03 Jun 2025 14:28:32 +0200","Le jeune homme de 17Â ans a Ã©tÃ© tuÃ© le 27Â juin 2023 Ã  Nanterre dâ€™une balle tirÃ©e Ã  bout portant par un fonctionnaire de police qui contrÃ´lait le vÃ©hicule quâ€™il conduisait. Son dÃ©cÃ¨s, devenu symbole des violences policiÃ¨res, avait Ã©tÃ© Ã  lâ€™origine de plusieurs nuits dâ€™Ã©meutes Ã  travers la France.",https://www.nouvelobs.com/justice/20250603.OBS104557/mort-de-nahel-le-policier-auteur-du-tir-sera-juge-pour-meurtre.html
5,"Le personnage du â€œprof de philoâ€ au cinÃ©ma, un donneur de leÃ§onsâ€¦ dÃ©semparÃ©","Fri, 06 Jun 2025 15:00:00 +0000","<span class=""field field--name-title field--type-string field--label-hidden"">Le personnage du â€œprof de philoâ€ au cinÃ©ma, un donneur de leÃ§onsâ€¦ dÃ©semparÃ©</span>
<span class=""field field--name-uid field--type-entity-reference field--label-hidden""><span>hschlegel</span></span>
<span class=""field field--name-created field--type-created field--label-hidden""><time class=""datetime"" datetime=""2025-06-06T17:00:00+02:00"" title=""Vendredi 6 juin 2025"">ven 06/06/2025 - 17:00</time>
</span>


  <div class=""inline__links""><nav class=""links inline nav links-inline""><span class=""node-readmore nav-link""><a href=""https://www.philomag.com/articles/le-personnage-du-prof-de-philo-au-cinema-un-donneur-de-lecons-desempare"" hreflang=""fr"" rel=""tag"" title=""Le personnage du â€œprof de philoâ€ au cinÃ©ma, un donneur de leÃ§onsâ€¦ dÃ©semparÃ©"">En savoir plus<span class=""visually-hidden""> sur Le personnage du â€œprof de philoâ€ au cinÃ©ma, un donneur de leÃ§onsâ€¦ dÃ©semparÃ©</span></a></span></nav>
  </div>

            <div class=""clearfix text-formatted field field--name-field-content field--type-text-long field--label-hidden field__item""><p class=""p2""><strong>SurreprÃ©sentÃ© au cinÃ©ma, le Â«&nbsp;prof de philo&nbsp;Â» incarne souvent des clichÃ©s</strong> que sâ€™est amusÃ©e Ã  repÃ©rer <strong>Mariangela Perilli</strong> dans son ouvrage <em>Le prof de philo fait son cinÃ©ma</em> (LettMotif, 2025). <strong>FrÃ©dÃ©ric Manzini,</strong> lui-mÃªme professeur de philosophie, sâ€™est inspirÃ© de la dÃ©marche pour revisionner six films qui ont contribuÃ© Ã  forger cette figure devenue presque Â«&nbsp;mythologique&nbsp;Â». Il en ressort un personnage moins caricatural quâ€™on ne pourrait le croire.</p><p class=""p2"">[CTA2]</p><hr /><p class=""p2"">&nbsp;</p><p class=""p2""><strong>Câ€™est un fait assez remarquable&nbsp;: </strong>outre les films proprement biographiques comme <a href=""https://www.allocine.fr/film/fichefilm_gen_cfilm=235590.html""><em>Le Jeune Karl Marx</em></a> (2017), <a href=""https://www.allocine.fr/film/fichefilm_gen_cfilm=134194.html""><em>Agora</em></a><em> </em>(2010),<em> </em><a href=""https://www.allocine.fr/film/fichefilm_gen_cfilm=96650.html""><em>Le Destin</em></a> (1997),<em> </em><a href=""https://www.allocine.fr/film/fichefilm_gen_cfilm=198292.html""><em>Hannah Arendt</em></a> (2013) ou <a href=""https://www.allocine.fr/film/fichefilm_gen_cfilm=5204.html""><em>Les Derniers Jours dâ€™Emmanuel Kant</em></a> (1996), il existe un grand nombre de films qui comptent un ou des professeurs de philosophie parmi leurs personnages. <a href=""https://www.allocine.fr/film/fichefilm_gen_cfilm=218568.html""><em>The Philosophers</em></a><em> </em>(2022, aussi connu sous les titres <em>After the Dark</em> et <em>La RelÃ¨ve</em>)<em>, </em><a href=""https://www.allocine.fr/film/fichefilm_gen_cfilm=5118.html""><em>Noce blanche</em></a> (1989), <a href=""https://www.allocine.fr/film/fichefilm_gen_cfilm=229102.html""><em>Fever</em></a> (2015),<em> </em><a href=""https://www.allocine.fr/film/fichefilm_gen_cfilm=14832.html""><em>Comment je me suis disputÃ©â€¦ (ma vie sexuelle)</em></a> (1996), <a href=""https://www.allocine.fr/film/fichefilm_gen_cfilm=17885.html""><em>Lâ€™Ennui</em></a> (1998), <a href=""https://www.allocine.fr/film/fichefilm_gen_cfilm=264228.html""><em>Alice et le maire</em></a><em> </em>(2018),<em> </em><a href=""https://www.allocine.fr/film/fichefilm_gen_cfilm=130536.html""><em>Nos 18 ans</em></a><em> </em>(2007),<em> </em><a href=""https://www.allocine.fr/film/fichefilm_gen_cfilm=110305.html""><em>La Grande Vie</em></a> (2009), <a href=""https://www.allocine.fr/film/fichefilm_gen_cfilm=304509.html""><em>Hit Man</em></a><em> </em>(2024)<em>,</em><a href=""https://www.allocine.fr/film/fichefilm_gen_cfilm=286697.html""><em> Un beau matin</em></a> (2022)<em>, </em>etc<em>.</em></p><p class=""p2""><strong>Pourquoi un tel intÃ©rÃªt de la part du cinÃ©ma, surtout du cinÃ©ma franÃ§ais mais aussi du cinÃ©ma amÃ©ricain&nbsp;? </strong>Et comment le professeur de philosophie y est-il reprÃ©sentÃ© voire Â«&nbsp;surreprÃ©sentÃ©&nbsp;Â», <a href=""https://www.edition-lettmotif.com/produit/le-prof-de-philo-fait-son-cinema/"">comme lâ€™Ã©crit <strong>Mariangela Perilli</strong> dans son ouvrage</a>, en constatant quâ€™il nâ€™y a pas dâ€™Ã©quivalent chez leurs collÃ¨gues dâ€™autres disciplines&nbsp;? Dâ€™apparence souvent nÃ©gligÃ©e, attirant mais aussi lÃ©gÃ¨rement inquiÃ©tant, imprÃ©visible voire inclassable, le prof de philo figurerait physiquement lâ€™hÃ©ritier lointain de <a href=""https://www.philomag.com/philosophes/socrate""><strong>Socrate</strong></a>, estime-t-elle. Examinons plus en dÃ©tail quelques cas prÃ©cis Ã  travers quelques films choisis.</p><h2>â€œMa nuit chez Maudâ€ et â€œConte de printempsâ€ (Ã‰ric Rohmer, 1969 et 1990) : lâ€™intellectuel austÃ¨re et empÃªchÃ©</h2><p class=""p2""><strong>Alors quâ€™il a lui-mÃªme exercÃ© le mÃ©tier de professeur de lettres â€“</strong>&nbsp;mÃªme sâ€™il a toujours Ã©tÃ© un grand amateur de philosophie&nbsp;â€“, câ€™est bien un professeur de philosophie quâ€™<a href=""https://fr.wikipedia.org/wiki/%C3%89ric_Rohmer""><strong>Ã‰ric Rohmer</strong></a> met en scÃ¨ne dans <a href=""https://fr.wikipedia.org/wiki/Ma_nuit_chez_Maud""><em>Ma nuit chez Maud</em></a> (1969). Le personnage de Vidal, interprÃ©tÃ© par <strong>Antoine Vitez</strong>, nâ€™est cependant quâ€™un second rÃ´le par rapport au duo formÃ© par Jean-Louis et Maud, interprÃ©tÃ©s respectivement par <strong>Jean-Louis Trintignant</strong> et <strong>FranÃ§oise Fabian</strong>. Il offre mÃªme un contrepoint Ã  la troublante relation Ã©rotico-amicale qui se noue entre les deux personnages principaux, et qui se dÃ©roule la nuit dans une chambre et mÃªme dans un lit. Vidal sâ€™est alors retirÃ© car, aprÃ¨s avoir dialoguÃ© avec Jean-Louis dans un cafÃ© Ã  propos de religion et de politique, autour des figures de <a href=""https://www.philomag.com/philosophes/blaise-pascal""><strong>Blaise Pascal</strong></a> et de <a href=""https://www.philomag.com/philosophes/karl-marx""><strong>Karl Marx</strong></a>, il prÃ©fÃ¨re se retirer chez lui. Quel saisissant contraste entre les deux atmosphÃ¨res, et combien le premier acte au cafÃ© sâ€™efface au profit du second, dans la chambre de Maud (au point de disparaÃ®tre du titre du film)&nbsp;!</p><ul class=""ul1""><li class=""li2""><strong>Le professeur de philosophie, ici, semble nâ€™Ãªtre Ã  lâ€™aise quâ€™avec les idÃ©es&nbsp;: avec son pseudonyme de dictionnaire pharmaceutique, il est reprÃ©sentÃ© comme un personnage sÃ©rieux mais austÃ¨re, un esprit brillant mais qui nâ€™affronte pas la vÃ©ritÃ© charnelle de lâ€™existence.</strong></li></ul><p class=""p2""><strong>N.B.&nbsp;:</strong> Câ€™est ce que confirme un autre film dâ€™Ã‰ric Rohmer. Dans <a href=""https://fr.wikipedia.org/wiki/Conte_de_printemps""><em>Conte de printemps</em></a><em> </em>(1990), il met Ã  nouveau en scÃ¨ne une professeure de philosophie&nbsp;: Jeanne (<strong>Anne TeyssÃ¨dre</strong>), tout juste diplÃ´mÃ©e et qui fait son annÃ©e de stage dans un lycÃ©e de la banlieue parisienne. Au milieu des histoires dâ€™amour et de dÃ©sir qui naissent, Jeanne reste en retrait, comme empÃªchÃ©e. Lectrice de <a href=""https://www.philomag.com/philosophes/emmanuel-kant""><strong>Kant</strong></a>, elle dÃ©clare mÃªme Ãªtre Ã  la recherche dâ€™un <em>Â«&nbsp;jugement synthÃ©tique </em>a priori<em>&nbsp;Â»</em> pour rÃ©soudre les contradictions de sa maniÃ¨re de vivre.</p><h2>â€œP.R.O.F.Sâ€ (Patrick Schulmann, 1985) : le communiste dogmatique et lâ€™intello manipulatrice<span class=""Apple-converted-space"">&nbsp;</span></h2><p class=""p2""><strong>Loin de la subtilitÃ© des films de Rohmer,</strong> <a href=""https://fr.wikipedia.org/wiki/Profs""><em>P.R.O.F.S</em></a> (1985) est une comÃ©die qui nâ€™a pas peur des caricatures, lesquelles nâ€™Ã©pargnent aucun professeurâ€¦ et Ã©videmment pas celui de celui de philosophie, qui y est doublement reprÃ©sentÃ©.</p><p class=""p2""><strong>Il y a dâ€™abord ce professeur qui</strong>, interprÃ©tÃ© par <strong>Jean-RenÃ© Gossart</strong>, sâ€™appelle Â«&nbsp;Charles Max&nbsp;Â»&nbsp;: avec sa large barbe et ses cheveux gris, il incarne le parfait sosie physique de <a href=""https://www.philomag.com/philosophes/karl-marx""><strong>Karl Marx</strong></a>, dont de nombreux portraits ornent les murs de son domicile. Câ€™est Ã  lâ€™Ã©vidence un communiste convaincu, dogmatique et sectaire. On le voit dâ€™ailleurs prÃ©senter Ã  ses Ã©lÃ¨ves une carte des Ã‰tats-Unis dont il juge les lignes droites qui sÃ©parent les Ã‰tats <em>Â«&nbsp;arbitraires et rÃ©actionnaires&nbsp;Â»</em>, et leur oppose une carte de lâ€™URSS dont les frontiÃ¨res sont censÃ©es respecter la nature et les hommes, ce qui montrerait un esprit de <em>Â«&nbsp;justice&nbsp;Â»</em> et de <em>Â«&nbsp;gÃ©nÃ©rositÃ©&nbsp;Â»</em>. AprÃ¨s avoir traitÃ© ses collÃ¨gues de <em>Â«&nbsp;petits bourgeois&nbsp;Â»</em> quâ€™il faudrait Ã©liminer, ceux-ci se vengent en lui coupant barbe et cheveux au point de le faire ressembler Ã  Hitler, ce qui lui vaut un choc psychologique terribleâ€¦</p><p class=""p2""><strong>Il y a ensuite sa remplaÃ§ante,</strong> Julie, qui plaÃ®t beaucoup Ã  GÃ©rard, son trÃ¨s fruste collÃ¨gue de sport. TrÃ¨s sÃ»re dâ€™elle, attirante, sÃ©ductrice mais aussi manipulatrice, elle joue au chat et Ã  la souris avec lui, comme on le voit dans cette scÃ¨ne oÃ¹, chacun dans un coin dâ€™une piÃ¨ce, elle exige de lui quâ€™il dÃ©crive des actes amoureux que lui voudrait sâ€™empresser dâ€™accomplir physiquementâ€¦ FrustrÃ© par tous les efforts quâ€™il dÃ©ploie sans pouvoir conclure, il devient aigri quand il apprend quâ€™elle est partie&nbsp;: <em>Â«&nbsp;La salope&nbsp;! La salope&nbsp;! Tout ce que jâ€™ai acceptÃ©&nbsp;: les expos, les musÃ©es, le cinÃ©, le thÃ©Ã¢tre&nbsp;! Arrabal&nbsp;! Deux piÃ¨ces dâ€™Arrabal&nbsp;! Jâ€™ai commencÃ© Proust. Jâ€™ai mÃªme fini un roman de Sollers. Putain, 582 pages de Sollers&nbsp;! Jâ€™ai fait tout Ã§a pour elle&nbsp;! La salope&nbsp;! La salope&nbsp;!&nbsp;Â»</em></p><ul class=""ul1""><li class=""li2""><strong>Sous une veine comique cette fois, le prof de philo apparaÃ®t comme un personnage peu sympathique, qui se sert de son intelligence Ã  des fins trÃ¨s Ã©goÃ¯stes et qui nâ€™hÃ©site pas Ã  se servir des autresâ€¦</strong></li></ul><h2>â€œPas son genreâ€ (Lucas Belvaux, 2014) : le philosophe pris au piÃ¨ge de ses propres prÃ©jugÃ©s</h2><p class=""p2""><strong>Dans </strong><a href=""https://www.allocine.fr/film/fichefilm_gen_cfilm=203982.html""><em><strong>Pas son genre</strong></em></a><em><strong> </strong></em><strong>(2014), le personnage principal veut Ãªtre davantage quâ€™un professeur de philosophie&nbsp;: </strong>câ€™est surtout un jeune homme plein dâ€™ambitions, beau, bourgeois, Parisien mondain de la rive gauche, sÃ»r de lui, qui se voit comme un auteur et qui vit comme un grand malheur le fait dâ€™Ãªtre nommÃ© professeur Ã  Arras, dans le Pas-de-Calais. Dans son exil cependant, ClÃ©ment (<strong>LoÃ¯c Corbery</strong>) a le bonheur de faire la connaissance de Jennifer (<strong>Ã‰milie Dequenne</strong>), jeune mÃ¨re cÃ©libataire, <em>a priori </em>modeste mais solaire, qui travaille dans un salon de coiffure. Ils semblent attirÃ©s lâ€™un par lâ€™autre comme deux contraires qui nâ€™Ã©taient pas destinÃ©s Ã  se rencontrer â€“ il ignore qui est <strong>Jennifer Aniston</strong> tandis quâ€™elle ne connaÃ®t pas <strong>Kant</strong> â€“ mais qui ne tardent pas Ã  nouer une relation amoureuse. Improbable conte de fÃ©es&nbsp;? On se met Ã  lâ€™espÃ©rer dâ€™autant plus volontiers que leur volontÃ© de dÃ©couvrir lâ€™univers de lâ€™autre apparaÃ®t dâ€™abord rÃ©ciproque. Ils apprennent Ã  se connaÃ®tre et Ã  sâ€™apprÃ©cier, voire Ã  se rÃ©vÃ©ler&nbsp;: elle sâ€™avÃ¨re plus fine et lui moins froid et distant quâ€™on ne lâ€™aurait cru dans un premier temps. <em>Pas son genre</em>, pourtant, nâ€™est pas la version nordiste de <em>Coup de foudre Ã  Notting Hill</em> qui se dÃ©roulerait Ã  Arras, avec une <em>happy end</em> qui les verrait vivre heureux. Petit Ã  petit, la diffÃ©rence entre eux se creuse Ã  nouveauâ€¦ surtout Ã  cause de ClÃ©ment qui, consciemment ou non, semble vouloir exercer une certaine forme de domination sur Jennifer quâ€™il ne respecte peut-Ãªtre pas tout Ã  fait comme son Ã©gale.</p><ul class=""ul1""><li class=""li1""><strong>Le professeur de philosophie ne se sentirait-il pas parfois supÃ©rieur aux autres, si ce nâ€™est sociologiquement du moins intellectuellement&nbsp;?</strong></li></ul><h2>â€œLâ€™Homme irrationnelâ€ (Woody Allen, 2015) : la rÃ©alitÃ© prosaÃ¯que derriÃ¨re lâ€™image</h2><p class=""p2""><strong>PrÃ©cÃ©dÃ© dâ€™une rÃ©putation sulfureuse de sÃ©ducteur invÃ©tÃ©rÃ©, </strong>un professeur de philosophie dÃ©barque dans une petite universitÃ© dâ€™une petite ville paisible et tranquille de la cÃ´te Est des Ã‰tats-Unis. Quâ€™y vient donc faire Abe Lucas, incarnÃ© par <strong>Joaquin Phoenix</strong>&nbsp;? Lâ€™homme est charismatique et fort en gueule mais aussi dÃ©pressif et alcoolique, en panne dâ€™inspiration et de dÃ©sir. Il fascine pourtant, avec des coups dâ€™Ã©clat qui bousculent la routine de son dÃ©partement de philosophie. <em>Â«&nbsp;Il y a une diffÃ©rence entre un monde thÃ©orique fondÃ© sur un verbiage de merde philosophique et la rÃ©alitÃ© de la vie&nbsp;!&nbsp;Â»</em>, sâ€™exclame-t-il avant de sâ€™emparer dâ€™un revolver et de jouer Ã  la roulette russe devant ses Ã©tudiants, content de leur montrer que cette <em>Â«&nbsp;leÃ§on dâ€™existentialisme&nbsp;Â»</em> valait plus que toutes celles quâ€™ils pouvaient trouver dans les manuels. Mais câ€™est plutÃ´t sur le plan de sa vie privÃ©e que <strong>Woody Allen</strong> se focalise dans <a href=""https://www.allocine.fr/film/fichefilm_gen_cfilm=228707.html""><em>Lâ€™Homme irrationnel</em></a> (2015)&nbsp;: pris dans un triangle amoureux entre sa collÃ¨gue Rita (<strong>Parker Posey</strong>) et sa brillante Ã©tudiante Jill (<strong>Emma Stone</strong>), il ne retrouve goÃ»t Ã  la vie quâ€™aprÃ¨s avoir ourdi le meurtre dâ€™un juge Ã  la maniÃ¨re dâ€™un crime parfait, soi-disant par altruismeâ€¦ avant de finir par mourir stupidement alors que les soupÃ§ons commenÃ§aient Ã  peser sur lui.</p><ul class=""ul1""><li class=""li2""><strong>Brillant nietzschÃ©en qui se situe par-delÃ  bien et mal ou Don Juan de pacotille&nbsp;? La rÃ©alitÃ© de ce philosophe anticonformiste, fort en thÃ©orie, est loin de lâ€™image quâ€™il voudrait renvoyer&nbsp;: incapable dâ€™Ã©crire, lubrique et criminel, il apparaÃ®t surtout comme le jouet de ses pulsions violentes. Il nâ€™est quâ€™un homme irrationnel.</strong></li></ul><h2>â€œLâ€™Avenirâ€ (Mia Hansen-LÃ¸ve, 2016) : du dÃ©samour Ã  la solitude</h2><p class=""p2""><strong>Ses deux parents Ã©tant eux-mÃªmes dâ€™authentiques professeurs de philosophie, </strong>on nâ€™est pas surpris que la rÃ©alisatrice <strong>Mia Hansen-LÃ¸ve</strong> en mette en scÃ¨ne parfois dans ses films, qui souvent prÃ©sentent une certaine dimension autobiographique. Câ€™est surtout le cas de <a href=""https://www.allocine.fr/film/fichefilm_gen_cfilm=233500.html""><em>Lâ€™Avenir</em></a> (2016), qui raconte lâ€™histoire dâ€™un couple dâ€™enseignants quiquagÃ©naires, Nathalie et Heinz, interprÃ©tÃ©s respectivement par <strong>Isabelle Huppert</strong> et<strong> AndrÃ© Marcon</strong>. Une famille apparemment heureuse et presque comme les autres, mais qui explose quand Madame est soudainement confrontÃ©e Ã  lâ€™adultÃ¨re de Monsieur. Que faire, alors que ses grands enfants sâ€™apprÃªtent Ã  quitter le domicile, que sa mÃ¨re est mourante, quâ€™elle se dÃ©barrasse de son (encombrant) chat et donc quâ€™elle risque de se retrouver soudainement seule&nbsp;? Elle qui dÃ©fend les vertus de lâ€™Ã©mancipation auprÃ¨s de ses Ã©lÃ¨ves doit repenser le sens de son existence, poser la question dâ€™un avenir quâ€™elle croyait tout tracÃ© et risquer sa propre libertÃ©, derriÃ¨re un sourire de faÃ§ade stoÃ¯que qui peine Ã  dissimuler son Ã©branlement intÃ©rieur. Va-t-elle se jeter dans les bras dâ€™un beau jeune homme, ancien Ã©lÃ¨ve devenu militant altermondialiste qui lâ€™admire&nbsp;? Va-t-elle tout abandonner de son passÃ© pour se retrouver avec bonheur&nbsp;?</p><ul class=""ul1""><li class=""li2""><strong>LÃ  encore, la figure du professeur de philo est celle dont les idÃ©aux affichÃ©s sont rattrapÃ©s par une rÃ©alitÃ© plus complexe qui dÃ©borde largement le cadre qui semblait fixÃ© dâ€™avance.</strong></li></ul><h2>Bilan : le prof de philo Ã  lâ€™Ã©preuve du grand Ã©cran</h2><p class=""p2""><strong>Pas trÃ¨s sympathique, le prof de philo vu par le cinÃ©ma&nbsp;?</strong> Volontiers sentencieux et donneur de leÃ§ons, parfois vaniteux et mÃªme manipulateur, il peut apparaÃ®tre dÃ©calÃ© par rapport aux autres personnages, voire incompris dans une singularitÃ© qui le met Ã  lâ€™Ã©cart du monde. Le grand Ã©cran donne Ã  le voir dÃ©semparÃ© quand il constate quâ€™il est rattrapÃ© par les affres de lâ€™existence et que son expertise ne lui est dâ€™aucune aide pour les affronter concrÃ¨tement. Les idÃ©aux thÃ©oriques qui lâ€™animent ne rÃ©sistent pas longtemps devant la rÃ©alitÃ©, et notamment la rÃ©alitÃ© de la chair et de lâ€™amour. Nâ€™est-ce pas une belle leÃ§on de philosophie, une leÃ§on sensible, que nous offre ainsi le cinÃ©ma&nbsp;?</p></div>
      
            <div class=""field field--name-field-cover-node field--type-entity-reference field--label-hidden field__item"">
            <div class=""field field--name-field-image field--type-image field--label-hidden field__item"">  <img alt=""alt"" class=""image-style-dossiers"" height=""210"" src=""https://www.philomag.com/sites/default/files/styles/dossiers/public/images/2025_06_06_prof-philo-cine.jpg"" width=""333"" />


</div>
      </div>
      
            <div class=""field field--name-field-publication-date field--type-datetime field--label-hidden field__item""><time class=""datetime"" datetime=""2025-06-06T15:00:00Z"">juin 2025</time>
</div>",https://www.philomag.com/articles/le-personnage-du-prof-de-philo-au-cinema-un-donneur-de-lecons-desempare
6,Disparition du glacier du BirchÂ : lâ€™effondrement climatique a-t-il commencÃ©Â ?,"Fri, 06 Jun 2025 10:00:00 +0000","<span class=""field field--name-title field--type-string field--label-hidden"">Disparition du glacier du Birch&nbsp;: lâ€™effondrement climatique a-t-il commencÃ©&nbsp;? </span>
<span class=""field field--name-uid field--type-entity-reference field--label-hidden""><span>hschlegel</span></span>
<span class=""field field--name-created field--type-created field--label-hidden""><time class=""datetime"" datetime=""2025-06-06T12:00:00+02:00"" title=""Vendredi 6 juin 2025"">ven 06/06/2025 - 12:00</time>
</span>


  <div class=""inline__links""><nav class=""links inline nav links-inline""><span class=""node-readmore nav-link""><a href=""https://www.philomag.com/articles/disparition-du-glacier-du-birch-leffondrement-climatique-t-il-commence"" hreflang=""fr"" rel=""tag"" title=""Disparition du glacier du Birch&nbsp;: lâ€™effondrement climatique a-t-il commencÃ©&nbsp;? "">En savoir plus<span class=""visually-hidden""> sur Disparition du glacier du Birch&nbsp;: lâ€™effondrement climatique a-t-il commencÃ©&nbsp;? </span></a></span></nav>
  </div>

            <div class=""clearfix text-formatted field field--name-field-content field--type-text-long field--label-hidden field__item""><p class=""p2""><strong>Le village suisse de Blatten, dans le canton du Valais, a Ã©tÃ© enseveli par lâ€™Ã©croulement dâ€™un glacier. </strong>Peut-on y voir une image de lâ€™effondrement annoncÃ© de nos sociÃ©tÃ©s sous le poids de la crise climatique&nbsp;?<span class=""Apple-converted-space"">&nbsp;</span></p><p class=""p2"">[CTA2]</p><hr /><p class=""p2"">&nbsp;</p><p class=""p2""><a href=""https://fr.wikipedia.org/wiki/Blatten""><span class=""s2""><strong>Blatten</strong></span></a><span class=""s2""><strong> nâ€™est plus.</strong></span> Le petit village suisse a Ã©tÃ© emportÃ© par lâ€™Ã©croulement du <a href=""https://fr.wikipedia.org/wiki/Glacier_du_Birch"">glacier du Birch</a>. La bourgade avait Ã©tÃ© heureusement Ã©vacuÃ©e au prÃ©alable, grÃ¢ce Ã  la surveillance minutieuse des services helvÃ©tiques. Les causes de lâ€™effondrement, pour lâ€™heure, demeurent difficiles Ã  dÃ©terminer. Pour <span class=""s2""><strong>Matthias Huss</strong></span>, directeur de la Surveillance des glaciers suisses, <a href=""https://www.20minutes.fr/planete/rechauffement-climatique/4156228-20250531-eboulement-rechauffement-pourquoi-glacier-birch-effondre-suisse""><span class=""s1"">il sâ€™agit probablement</span></a><em><span class=""s2""> Â«&nbsp;d</span><span class=""s3"">â€™</span><span class=""s2"">une combinaison de changements gÃ©ologiques Ã  long terme. La rupture du glacier en tant que telle n</span><span class=""s3"">â€™</span><span class=""s2"">est pas liÃ©e au changement climatique. Il s</span><span class=""s3"">â€™</span><span class=""s2"">agit plutÃ´t des processus du pergÃ©lisol, qui sont des changements trÃ¨s complexes et Ã  long terme&nbsp;Â»</span></em><span class=""s2"">,</span> sur lesquels le rÃ©chauffement peut, parmi dâ€™autres causes, avoir un impact.</p><p class=""p1""><strong>Lâ€™effondrement des glaciers a toujours suscitÃ© une crainte particuliÃ¨re chez les hommes qui les cÃ´toient </strong><span class=""s4"">et qui redoutent quâ€™un</span><em> Â«&nbsp;Ã©boulement</em><span class=""s4""> [â€¦] </span><em>avec la libÃ©ration dâ€™une poche dâ€™eau ravage le village du bas&nbsp;Â», </em><span class=""s4"">comme lâ€™Ã©crit lâ€™historien </span><strong>FranÃ§ois Walter </strong><span class=""s4"">dans</span><em> </em><a href=""https://www.seuil.com/ouvrage/catastrophes-francois-walter/9782020960397""><em>Catastrophes. Une histoire culturelle. XVIe-XXIe siÃ¨cl</em><span class=""s4"">e</span></a><span class=""s4""> (Ã‰ditions du Seuil, 2008). On cherche Ã  dÃ©celer les signes avant-coureurs du drame&nbsp;: </span><em>Â«&nbsp;Ã€ lâ€™alpage, avant la catastrophe, les signes annonciateurs nâ€™ont</em><span class=""s4""> [â€¦] </span><em>pas manquÃ©&nbsp;: le troupeau sâ€™agite la nuit, on entend des bruits sur le toit des chalets.&nbsp;Â» </em><span class=""s4"">Ce sont aussi les indices surnaturels que lâ€™on tente de repÃ©rer&nbsp;: </span><em>Â«&nbsp;Des bergers craignent que ce soit Lui ou Il ou Le. Sans quâ€™il soit nommÃ© plus prÃ©cisÃ©ment, le lecteur comprend quâ€™il sâ€™agit dâ€™un Ãªtre malÃ©fique porteur de malheur.&nbsp;Â»</em></p><p class=""p2""><span class=""s2""><strong>Câ€™est tout un art que de dÃ©celer les signes â€“ </strong>les Suisses y sont en tout cas parvenus.</span> Câ€™est que les signes ne sont pas toujours trÃ¨s Ã©vidents. Il y a bien, comme le dit le poÃ¨te alpin <a href=""https://fr.wikipedia.org/wiki/Charles_Ferdinand_Ramuz""><span class=""s2""><strong>Charles Ferdinand Ramuz</strong></span></a><span class=""s2""><strong> </strong></span>dans<em><span class=""s2""> </span></em><a href=""https://www.babelio.com/livres/Ramuz-La-Grande-Peur-dans-la-montagne/22582""><em><span class=""s2"">La Grande Peur dans la montagne</span></em></a> (1925), des <em><span class=""s2"">Â«&nbsp;crevasses&nbsp;Â»</span></em> ouvertes, parfois dissimulÃ©es sous la neige. Mais le devenir du glacier demeure mystÃ©rieux. <a href=""https://www.philomag.com/philosophes/alain""><span class=""s2""><strong>Alain</strong></span></a> le rappelle dans <a href=""https://www.gallimard.fr/catalogue/les-saisons-de-l-esprit/9782070200566""><em><span class=""s2"">Les Saisons de lâ€™esprit</span></em></a> (1937)&nbsp;:</p><blockquote><p class=""p1""><em>â€œUn torrent, une tempÃªte, nâ€™enferment aucun destin, mais bien un sort assez clair si lâ€™on manque le saut ou le coup de barre. Au contraire, partout oÃ¹ la matiÃ¨re est solide, le destin se cache derriÃ¨re. Tout mur croulera. Mais quand&nbsp;? Pourquoi Ã  cet instant&nbsp;? Le glacier enferme souvent quelque poche dâ€™eau, assez puissante pour noyer vingt villages. Mais cette eau est suspendue dans le solide&nbsp;; elle pÃ¨se et dissout sans quâ€™on le sache. Et le glacier lui-mÃªme avance comme un fleuve&nbsp;; mais ce mouvement nâ€™est point Ã  notre Ã©chelle&nbsp;; seulement quelquefois, un bruit de tonnerre en cette masse cristalline nous avertit et inutilement nous rÃ©veille, sans dire quandâ€</em></p></blockquote><p class=""p4 legend"">Ã‰mile-Auguste Chartier, dit Alain, <em>Les Saisons de lâ€™esprit</em> (<em>Propos</em>), 1937</p><p class=""p4""><span class=""s2""><strong>Gaz et et liquides, matÃ©riaux des catastrophes ocÃ©aniques ou mÃ©tÃ©orologiques, nâ€™ont pas de point de rupture.</strong></span> Nous voyons, Ã  lâ€™approche de la tempÃªte, les fluides du ciel sâ€™agiter, et les hommes se presser pour se prÃ©parer Ã  faire face. La transformation peut Ãªtre parfois trÃ¨s rapide, mais nous suivons ce devenir qui se met en branle sous nos yeux inquiets. Un mouvement continu va du temps calme Ã  lâ€™apogÃ©e du cataclysme. Lâ€™incendie lui aussi, Ã  sa maniÃ¨re, se propage â€“ de la petite Ã©tincelle Ã  lâ€™embrasement gÃ©nÃ©ral. Il en va un peu autrement pour un glacier. Son devenir est sans commune mesure avec le temps humain. Surtout, plutÃ´t que de produire un effet immÃ©diatement visible, les forces sâ€™accumulent dans la matiÃ¨re solide quâ€™elles mettent en tension. Un jour, difficile de dire quand, le point de rupture est atteint, et le solide cÃ¨de. Comme si, les transformations retenues, dilatÃ©es sur de grandes Ã©chelles, se condensaient dans des Ã©vÃ©nements effectifs, discontinus. Brusquement, les forces emmagasinÃ©es comme un potentiel se libÃ¨rent. La catastrophe est tout entiÃ¨re lÃ , dâ€™un coup. Cette brutalitÃ© laisse davantage dÃ©muni.</p><p class=""p2""><span class=""s2""><strong>Rien ne prouve pour lâ€™heure que lâ€™effondrement du glacier Ã  Blatten soit directement liÃ© au rÃ©chauffement climatique. </strong></span>Sans doute est-ce un facteur parmi dâ€™autres. Difficile de ne pas voir, pour autant, dans cet effondrement, une image de celui qui menace notre monde Ã  lâ€™heure de la crise environnementale. Sans doute la crise apporte-t-elle son lot de catastrophes manifestes â€“ ouragans, cyclones, mÃ©gafeux, etc. Mais elle est aussi faite de mouvement invisibles, de devenirs inapparents â€“ contamination des sols par les pesticides, assÃ¨chements progressifs, etc. Ã‰cosystÃ¨mes et sociÃ©tÃ©s, Ã  la maniÃ¨re dâ€™un glacier, encaissent ces forces. Tous les systÃ¨mes peuvent supporter des chocs â€” mais tous possÃ¨dent un point de rupture. Des crevasses sâ€™ouvrent, colmatÃ©es, et la bÃ¢tisse fragilisÃ©e tient tant bien que mal encore debout. Jusquâ€™Ã  quand&nbsp;? Câ€™est toute la question. Elle en contient une autre, implicite, qui fait dÃ©bat&nbsp;: faut-il vraiment, comme beaucoup de collapsologues, considÃ©rer lâ€™effondrement comme un Ã©vÃ©nement brusque, ou plutÃ´t comme un effritement progressif&nbsp;? Est-ce vraiment Ã  la maniÃ¨re dâ€™un glacier arrachÃ© au flanc de la montagne quâ€™une sociÃ©tÃ© sâ€™Ã©croule&nbsp;?</p></div>
      
            <div class=""field field--name-field-cover-node field--type-entity-reference field--label-hidden field__item"">
            <div class=""field field--name-field-image field--type-image field--label-hidden field__item"">  <img alt=""alt"" class=""image-style-dossiers"" height=""210"" src=""https://www.philomag.com/sites/default/files/styles/dossiers/public/images/2025_06_06_blatten-suisse.jpg"" width=""333"" />


</div>
      </div>
      
            <div class=""field field--name-field-publication-date field--type-datetime field--label-hidden field__item""><time class=""datetime"" datetime=""2025-06-06T10:00:00Z"">juin 2025</time>
</div>",https://www.philomag.com/articles/disparition-du-glacier-du-birch-leffondrement-climatique-t-il-commence
7,Faire dÃ©railler le train-train quotidienÂ : reportage dans une salle de sport et dans un nightclub,"Fri, 06 Jun 2025 06:00:00 +0000","<span class=""field field--name-title field--type-string field--label-hidden"">Faire dÃ©railler le train-train quotidien&nbsp;: reportage dans une salle de sport et dans un nightclub</span>
<span class=""field field--name-uid field--type-entity-reference field--label-hidden""><span>nfoiry</span></span>
<span class=""field field--name-created field--type-created field--label-hidden""><time class=""datetime"" datetime=""2025-06-06T08:00:00+02:00"" title=""Vendredi 6 juin 2025"">ven 06/06/2025 - 08:00</time>
</span>


  <div class=""inline__links""><nav class=""links inline nav links-inline""><span class=""node-readmore nav-link""><a href=""https://www.philomag.com/articles/faire-derailler-le-train-train-quotidien-reportage-dans-une-salle-de-sport-et-dans-un"" hreflang=""fr"" rel=""tag"" title=""Faire dÃ©railler le train-train quotidien&nbsp;: reportage dans une salle de sport et dans un nightclub"">En savoir plus<span class=""visually-hidden""> sur Faire dÃ©railler le train-train quotidien&nbsp;: reportage dans une salle de sport et dans un nightclub</span></a></span></nav>
  </div>

            <div class=""clearfix text-formatted field field--name-field-content field--type-text-long field--label-hidden field__item""><p class=""p1""><strong>Le jour dans une salle de sport, la nuit sur une piste de danse, </strong>nous sommes allÃ©s Ã  la rencontre de celles et ceux qui se jettent Ã  corps perdu dans lâ€™effort comme dans le plaisir pour sâ€™arracher Ã  la vie de tous les jours. <strong>Un reportage Ã  retrouver Ã©galement dans le grand dossier Â«&nbsp;Comment se changer les idÃ©es&nbsp;?&nbsp;Â» de notre tout nouveau numÃ©ro.</strong></p></div>
      
            <div class=""field field--name-field-cover-node field--type-entity-reference field--label-hidden field__item"">
            <div class=""field field--name-field-image field--type-image field--label-hidden field__item"">  <img alt=""alt"" class=""image-style-dossiers"" height=""210"" src=""https://www.philomag.com/sites/default/files/styles/dossiers/public/images/190_reportage-depenses_couv.jpg?h=96d341ce"" width=""333"" />


</div>
      </div>
      
            <div class=""field field--name-field-publication-date field--type-datetime field--label-hidden field__item""><time class=""datetime"" datetime=""2025-06-06T06:00:00Z"">juin 2025</time>
</div>",https://www.philomag.com/articles/faire-derailler-le-train-train-quotidien-reportage-dans-une-salle-de-sport-et-dans-un
8,"Incendie mortel Ã  Reims : le dÃ©part du feu est accidentel et liÃ© Ã  une trottinette Ã©lectrique, selon le procureur","Sat, 07 Jun 2025 10:56:24 +0200","Le sinistre, qui s'est dÃ©clarÃ© dans la nuit de jeudi Ã  vendredi, a fait quatre morts dont deux adolescents.",https://www.franceinfo.fr/faits-divers/incendie-mortel-a-reims-le-depart-du-feu-provoque-par-une-trottinette-electrique-selon-le-procureur_7297851.html#xtor=RSS-3-[lestitres]
9,Les sept romans immanquables Ã  lire avant lâ€™Ã©tÃ©,"Sat, 07 Jun 2025 13:48:02 +0200","De ""Lâ€™homme qui aimait les livres"" au ""Train de la nuit"" en passant par ""Les petites rÃ©volutions dâ€™une FranÃ§aise Ã  TÃ©hÃ©ran"", voici la sÃ©lection de la rÃ©daction.",https://www.franceinfo.fr/culture/livres/les-sept-romans-immanquables-a-lire-avant-l-ete_7294065.html#xtor=RSS-3-[lestitres]
10,Nuit Blanche 2025 : six propositions immanquables samedi Ã  Paris,"Fri, 06 Jun 2025 06:05:01 +0200","Envie de rÃªver, de faire une cure de cinÃ©ma ou de danser ? Franceinfo Culture a sÃ©lectionnÃ© pour vous quelques tentations parmi la myriade de propositions artistiques qui feront vibrer Paris samedi jusquâ€™au bout de la nuit.",https://www.franceinfo.fr/culture/arts-expos/nuit-blanche-2025-six-propositions-immanquables-samedi-a-paris_7291788.html#xtor=RSS-3-[lestitres]
11,"""Une scÃ¨ne de guerre""Â : on en sait plus sur lâ€™origine de lâ€™incendie dâ€™un HLM Ã  Reims qui a fait quatre morts","Sat, 07 Jun 2025 11:16:45 +0200","Dans la nuit du 5 au 6Â juin 2025, un incendie sâ€™est dÃ©clarÃ© dans un immeuble de Reims. Quatre personnes sont mortes. Au lendemain du drame, le procureur de la RÃ©publique a donnÃ© des dÃ©tails sur lâ€™origine du feu.",https://www.midilibre.fr/2025/06/07/une-scene-de-guerre-on-en-sait-plus-sur-lorigine-de-lincendie-dun-hlm-a-reims-qui-a-fait-quatre-morts-12747134.php
12,"Guerre en UkraineÂ : ""Lâ€™attaque la plus puissante depuis le dÃ©but"" du conflit, la Russie frappe Kharkiv et fait plusieurs morts","Sat, 07 Jun 2025 10:31:03 +0200","Dans la nuit de vendrediÂ 6 Ã  samedi 7Â juin 2025, la Russie a menÃ© une attaque sur la ville de Kharkiv. BilanÂ : au moins trois morts et une vingtaine de blessÃ©s.",https://www.midilibre.fr/2025/06/07/guerre-en-ukraine-lattaque-la-plus-puissante-depuis-le-debut-du-conflit-la-russie-frappe-kharkiv-et-fait-plusieurs-morts-12747081.php
13,"Incendie dans un immeuble Ã  ReimsÂ : 4 morts dont deux adolescents, dÃ©fenestration, enfant disparuâ€¦ ce que lâ€™on sait du tragique accident","Fri, 06 Jun 2025 14:57:40 +0200","Quatre personnes ont perdu la vie et deux autres ont Ã©tÃ© griÃ¨vement blessÃ©es dans un incendie survenu dans la nuit de jeudi Ã  ce vendredi 6Â juin dans un immeuble Ã  Reims (Marne). Le feu, parti vers 00Â hÂ 30 au...",https://www.midilibre.fr/2025/06/06/incendie-dans-un-immeuble-a-reims-4-morts-dont-deux-adolescents-defenestration-enfant-disparu-ce-que-lon-sait-du-tragique-accident-12745393.php
14,"PersuadÃ©e quâ€™il a agressÃ© sexuellement sa mÃ¨re, une adolescente de 16 ans poignarde un homme Ã  six reprises pour se venger","Fri, 06 Jun 2025 19:27:03 +0200","Dans la nuit du jeudi 5Â juin 2025, une adolescente de 16 ans a poignardÃ© Ã  six reprises un quadragÃ©naire Ã  MontÃ©limar. La jeune femme Ã©tait convaincue que ce dernier avait agressÃ© sexuellement sa mÃ¨re.",https://www.midilibre.fr/2025/06/06/persuadee-quil-a-agresse-sexuellement-sa-mere-une-adolescente-de-16-ans-poignarde-un-homme-a-six-reprises-pour-se-venger-12745674.php
15,"Christophe Beaugrand victime dâ€™un home-jackingÂ : ""Jâ€™ai entendu mon mari crier"", lâ€™animateur sort du silence","Fri, 06 Jun 2025 16:02:05 +0200","Alors quâ€™ils dormaient Ã  lâ€™Ã©tage, Christophe Beaugrand et son mariÂ Ghislain Beaugrand-Gerin ont Ã©tÃ© victimes dâ€™un home-jacking Ã  leur domicile dans la nuit deÂ mercredi Ã  ce jeudi 5Â juin 2025. Ce vendredi 6Â juin, il a...",https://www.midilibre.fr/2025/06/06/christophe-beaugrand-victime-dun-home-jacking-jai-entendu-mon-mari-crier-lanimateur-sort-du-silence-12745477.php
16,"Puissante attaque russe contre Kharkiv, cinq morts en Ukraine","Sat, 07 Jun 2025 17:35:18 GMT","Des frappes russes ont tuÃ© cinq personnes et fait plus de vingt blessÃ©s dans la nuit de vendredi Ã  samedi en Ukraine, oÃ¹ Kharkiv a Ã©tÃ© particuliÃ¨rement ciblÃ©e, aprÃ¨s la promesse de Moscou d'une ""riposte"" Ã  la destruction d'une partie de sa flotte aÃ©rienne.",https://www.france24.com/fr/vid%C3%A9o/20250607-puissante-attaque-russe-contre-kharkiv-cinq-morts-en-ukraine
17,Ukraine: la Russie lance une nouvelle vague d'attaques nocturnes tuant de nombreux civils,"Sat, 07 Jun 2025 11:29:40 GMT","Alors que lâ€™Ukraine a fait face Ã  une importante campagne de frappes dans la nuit de jeudi 5 Ã  vendredi 6 juin, la Russie a de nouveau lancÃ© une importante attaque la nuit suivante. Au moins cinq personnes sont mortes et une vingtaine ont Ã©tÃ© blessÃ©es dans cette sÃ©rie de frappes contre plusieurs villes ukrainiennes, Ã  Kherson, dans le Sud, et surtout Ã  Kharkiv, dans lâ€™Est.",https://www.rfi.fr/fr/europe/20250607-ukraine-la-russie-lance-une-nouvelle-vague-d-attaques-nocturnes-tuant-de-nombreux-civils
