,created_utc,score,domain,id,title,ups,downs,num_comments,permalink,selftext,link_flair_text,over_18,thumbnail,subreddit_id,edited,link_flair_css_class,author_flair_css_class,is_self,name,url,distinguished,annee
94,1375789041.0,84,self.france,1jt0ce,"Je suis journaliste à Rue89, en charge des innovations web, tablette et mobile AMA",108,24,167,http://www.reddit.com/r/france/comments/1jt0ce/je_suis_journaliste_à_rue89_en_charge_des/,"A la demande de quelques contributeurs de /r/france, qui souhaitaient dialoguer avec qqn de Rue89.

Deux mots sur moi : rédacteur en chef adjoint de Rue89, je m'occupe notamment des évolutions futures du site, des applications pour smartphone ou de la revue iPad ""Rue89 avec les doigts"".

Je prépare aussi, avec les développeurs de Rue89, des infographies, des diaporamas, des cartes de géolocalisation, et autres joyeusetés qui animent les articles. 

J'ai rejoint Rue89 peu après son lancement, d'abord comme éditeur web (chargé de la mise en ligne des articles, des titres, des légendes photos, etc.) et j'ai ensuite été community manager pendant quelques années.

**Edit le 7/8 à 8h45 :** Merci à tous pour ces échanges ! Et bonne route à tous sur Reddit et sur Rue89.",,False,self,t5_2qhjz,1375857983.0,,,True,t3_1jt0ce,http://www.reddit.com/r/france/comments/1jt0ce/je_suis_journaliste_à_rue89_en_charge_des/,,1970
117,1370252738.0,81,self.france,1fkmau,Témoignage : ma gynécomastie,103,22,41,http://www.reddit.com/r/france/comments/1fkmau/témoignage_ma_gynécomastie/,"Bonjour à tous.

Ceci est mon premier post sur Reddit, que je lurke sans comprendre encore parfaitement comment la chose fonctionne : aussi, que l'on m'excuse si l'endroit n'est pas idoine. J'avais besoin d'un endroit anonyme - du moins, autant qu'il puisse l'être selon mes humbles savoirs de l'Internet - pour poster un témoignage relatant une expérience récente. 

Que l'on prenne cela comme une confession : il ne sera pas dit que Rousseau mourra oublié.

---

*Gynécomastie*. Le *Trésor de la langue française informatisé*, pourtant rarement avare de beaux mots, n'a pas d'entrée spécifique pour ce terme mais me renvoie vers le préfixe savant et grec *gynéco-* qui touche aux organes génitaux féminins et, lapidaire, indique simplement : « Hypertrophie des glandes mammaires chez l'homme ».

Prosaïquement, j'avais des seins.

« J'avais », car je viens de franchir le pas, et de me faire opérer. Certes, il me faut encore un bon mois de convalescence, de pansements et de soins avant la cicatrisation définitive, mais l'essentiel est là ou, plutôt, n'est plus là.


Que je replace un peu le contexte de la chose. Depuis mes plus jeunes années, ma mère-pélican m'a couvé comme jamais enfant n'avait été couvé : veillant à ce que je ne manque de rien et, surtout, veillant à ce qu'il ne m'arrive rien, elle subvenait au moindre de mes besoins. Je n'ai donc découvert l'existence de mes jambes que fort tardivement : je pris rapidement du poids et devins obèse. Les vingt premières années de ma vie furent ainsi grasses de tout, grasses d'amour, grasses de soin et grasses de ventre. 


Et puis, un jour, la métamorphose. Je m'étais acoquiné à l'Université avec une jolie jeune fille que j'aimais comme une amie et qui était sèche comme la justice : de profil et tirant la langue, on eût dit une fermeture éclair. Il ne se passait pas une heure en sa compagnie sans qu'elle ne se plaigne de ses bourrelets imaginaires ou de ses poignées d'amour fantasques ; elle était mi-folle, mi-anorexique, entièrement névrosée. Novembre vint, et ma colère avec : empoignant mon ventre, je lui fis comprendre qu'elle ne connaissait rien de la grosseur et qu'elle devait lâcher du lest si elle voulait que l'on reste amis. Nous fîmes un pacte : elle consentait à prendre un peu de chair, et moi à en perdre. Une poignée de main, un baiser sucré et un clin d'œil scellèrent notre contrat.


Ma perte de poids, qui fut de l'ordre de la centaine de kilos, fut aussi rapide qu'extravagante. À dire vrai, je peine encore à  comprendre les efforts réalisés : mais à renfort d'exercice, de régime approprié et d'abnégation, de marche, de vélo (d'appartement), de salades sans sauce et, je l'admets, de prières, en moins de quelques mois, je n'étais plus que la moitié de l'homme que j'étais. Quelques cinq ans plus tard, seuls ceux qui me connurent dans mon état naïf savent ce que j'ai traversé : pour les autres, je ne suis qu'un maigrelet et je ne peux m'empêcher de rire encore par-devers moi lorsqu'au détour d'une rue, j'entends une mère-maquerelle chanter « l'est pas ben gros, ce drôle ! ».

Mais ma perte de poids, aussi noble fût-elle de prime abord, cachait une ambition toute autre : je souhaitais me débarrasser de ma poitrine abondante qui ressortait lorsque l'été venu je devais délaisser les pulls et enfiler des choses plus légères ; et plus que ma ventripotence, c'était ça qui me plongeait dans des abîmes de perplexité. 



Je me mis à faire du sport, en me concentrant surtout sur mes pectoraux, en vain également : autant j'arrivais légèrement à les aplatir, autant les seins restaient là, altiers. Je finissais cependant par accepter mon sort, triste comme un menhir.


Alors, il y eut deux coups de semonce qui, à une année ou presque d'intervalle, me décidèrent.


Le premier survint au printemps dernier. Je n'avais jamais travaillé : depuis toujours, j'étais étudiant. Et puis, nécessité faisant loi, je me devais de m'employer et de gagner mon pain à la sueur de mon front, ce qui ne m'enchantait guère. Je trouvais rapidement un job étudiant, peu payé mais considéré à sa juste valeur, ni plus, ni moins, dans une banque. Je me devais de passer une « visite médicale ». Je trouvais étrange que l'on me tâte « haut et bas le ventre et le tétin » comme disait l'autre pour m'asseoir sur une chaise et lire un déroulé mais, soit : la docteure était jeune et jolie, et qui suis-je pour contrer la volonté d'Esculape ? C'est en me déshabillant et en voyant ma particularité poitrinesque qu'elle mit un mot sur mon trouble : « gynécomastie ».

*Graecus est : non loquor*. Mais je savais que ce *gynéco-* là n'était pas de bonne augure. J'esquisse un sourire entendu, « ne vous inquiétez pas », et enfoui ça dans un coin de mon crâne. Duras avait son *presbytère* : moi, j'avais ma *gynécomastie*. Je n'ai pas été voir, comme d'aucuns l'auraient fait, sur un quelconque site vaguement médical, les conseils de ceux qui manient le sabre et le *vade-mecum* ; je me contentais de tourner et de retourner le mot dans mon esprit, ne pouvant faire autrement que de me heurter à l'évidence. Je ne pouvais guérir seul de mon trouble.


La seconde semonce vint de ce début d'année. J'étais en couple depuis six ans avec l'amour de ma vie. Nous nous sommes séparés d'un commun accord, mais « elle était plus d'accord que moi ». Les raisons ayant mené à cette rupture sont sans doute nombreuses, mais ce handicap revenait régulièrement dans nos disputes : l'amour rend aveugle, mais certaines réalités du corps redonnent la vue. Cette séparation, particulièrement douloureuse me concernant, m'obligea à faire le ménage dans ma vie : je prenais alors rendez-vous avec mes médecins pour me soustraire de ces seins que je ne savais plus voir.

Les examens s'échelonnèrent sur plusieurs mois : mais je peux me vanter de faire partie de cette race de privilégiés qui connurent à la fois la gêne d'une palpation testiculaire et le désagréable d'une mammographie. Enfin, je pris rendez-vous avec un chirurgien et, une fois quelques papiers signés et une visite de courtoisie avec mon anesthésiste passée, je fus fin prêt pour l'intervention.


Je n'avais jamais été opéré jusqu'à présent, seules mes dents de sagesse me furent arrachées alors que j'étais encore conscient : c'était donc une double peur qui me prenait le ventre, peur de l'opération et peur de l'hôpital.


J'arrivais très en avance : le veilleur de nuit me fit entrer. Nous parlâmes du mauvais temps, je lui répondais, distrait, en essayant de me convaincre encore une fois qu'il s'agissait là d'une excellente décision. Le chirurgien, ténor en son domaine m'a-t-on dit, qui diminuait autant les hommes qu'il agrandissait les femmes, était un as du bistouri ; la clinique, réputée, se voulait aussi accueillante que tranquille ; mais malgré tout, je me voyais un peu de lâcheté.


Les soins des infirmières me firent rapidement oublier ces sentiments. Elles me firent ôter culotte et chemise et, comme la veille, je me lavais entièrement à la bétadine. Je m'étais dépilé le torse en son entier avec une crème qui puait l'amande douce : c'était la première fois que je m'arrachais de la virilité en lambeaux, j'avais comme l'impression qu'il me fallait devenir un peu plus femme pour l'être un peu moins.

Dans mon lit aux draps jaunâtres, habillé d'une chemise d'hôpital bleu pétrole, je n'en menais pas large. On me fit avaler quelques gélules qui devaient me reposer avant l'anesthésie générale : on me demandait de ne pas quitter ma couche. Je tournais la tête vers la fenêtre et, pour me rassurer alors que j'étais seul, je me mis à chantonner. Je récitais mon Brassens : je savais que si je butais sur un refrain, les cachets fonctionnaient. Et effectivement, alors que j'arrivais à la toute fin du *Mauvais sujet repenti*, les mots se perdaient inexplicablement ; je luttais pour rester éveillé.

On me mit sur un brancard et je fus transporté. J'entendais les infirmiers se moquer de mon absence : « que lui avez-vous donc donné ? », « la dose habituelle ! ». Je sentais un crayon marquer des lignes sur ma poitrine. On me demanda une dernière fois mon nom ; ma date de naissance ; la raison de ma venue ; on devait comparer les informations avec l'étiquette que j'avais au poignet et éviter une erreur malheureuse. Dans ma demie-conscience, il me vint Goethe à la bouche : *Bin ich ein Gott ? Mir wird so licht !* Une première voix répondit : « Qu'est-ce qu'il dit ? » et une seconde continua, alors que je voyais la seringue s'enfoncer dans mon bras : « au revoir ! ». Ma tête bascula.


Je fis un sommeil sans rêve, puis me réveillai enfin. J'avais un masque respiratoire sur le nez : je l'enlevais par réflexe. À ma gauche, une autre patiente ; tout autour, des câbles. On me ramena en ma chambre, et je passais le reste de la journée à dormir. Ce n'est qu'au soir, alors qu'on m'amenait un souper, que je repris un peu plus mes esprits. Le repas était frugal, mais je le dévorais comme si je n'avais rien mangé depuis des jours : ce n'était pourtant qu'un fond de potage et un yaourt nature. J'engloutissais le tout en une demie seconde. 

J'étais retenu par un goutte-à-goutte à la main gauche, qui me nourrissait et m'envoyait quelques anti-douleurs qui devaient remplir leur office car je ne sentais rien ; et je voyais des tuyaux partir de ma poitrine, sur la gauche et sur la droite, et aboutir à des sortes de bouteilles en plastique qui se gorgeaient, petit à petit, de mon sang, de ma bile et du reste. Je ne savais si je devais sourire de me croire à moitié cyborg, puisque j'avais à présent des parties non-organiques rattachées à mon corps, ou bien crier en voyant de ma chair partir ainsi petit à petit. Tout mignard déjà, il m'était inconfortable de tenir dans la main une dent de lait fraîchement tombée ; vingt ans plus tard, ces choses bassement physiques me sont toujours aussi insupportables.


Un large pansement couvrait l'intégralité de mon torse. Ce dernier était endolori : je ne sentais plus rien et je me croyais comme oppressé, comme si j'avais enfilé un habit trop court qui sentait la naphtaline. Toutes les deux heures ou presque, y compris le long de la première nuit, les infirmières me vinrent prendre la tension et la température et contrôler mon bandage ; il restait immaculé et souple, tout allait bien apparemment. Mon plus grand regret venait du tensiomètre qui est à présent électronique, alors que je trouve rien de plus docte que l'ancienne façon : mais il faut vivre avec son temps.

Je passais ainsi cette première journée après mon opération à dormir, beaucoup, à boire de l'eau, énormément. Je n'avais pas réellement « mal », j'étais surtout encombré. Lorsque mon regard descend là où je trouvais mes mamelles, je ne vois plus que la grosseur de la gaze. Je passe la main : il ne me semble plus me reconnaître. Fatigué et encore groggy, je m'endormis encore une fois et ne me réveillai que le lendemain au matin.


Je lus, énormément. *Les Poèmes antiques et modernes*, *Les Destinées*, *Les Mémoires d'outre-tombe*, *Les Essais* ; mes pensées étaient tournées autant vers Éloa que vers le Niagara ou la branloire pérenne. Je m'oubliais dans la poésie pour oublier mon corps raboté, et les heures passèrent rapidement. Mon chirurgien vint me voir et me confia deux ordonnances pour ma sortie : l'une pour calmer la douleur, l'autre pour appeler une infirmière à domicile et changer mes pansements le long du mois. En voyant mes ouvrages sur la table, il s'étonna : « Déjà en train de travailler ? » « Non, c'est du plaisir », répondis-je. « Vous êtes un intellectuel, donc ! ». Je ne sais toujours pas comment interpréter cette remarque.

Le repas léger de la veille laissa sa place à un petit-déjeuner, un déjeuner et un dîner de meilleure composition : l'on ne me privait de rien, et j'avais bon appétit. L'après-midi, un ami me visitait : il resta une bonne heure à me parler de tout et de rien, je l'écoutais, surtout. Rares sont les personnes à qui j'avais annoncé les raisons de mon hospitalisation, et rares sont celles qui connaissaient réellement mon trouble, du moins je choisissais mes amis selon ce talent-ci, leur prudence et leur tact, et la feintise sincère qu'ils portaient à mon égard et à cet endroit précis de mon corps. L'ami que j'évoque connaissait tout mais il n'en disait rien : il me voyait sans doute heureux, ce que je suis, sans me l'avouer encore parfaitement.


Le lendemain matin, il est temps de partir. On me refait le pansement, tout semble aller pour le mieux ; on me retire les drains, qui sifflent trois fois comme le veut la coutume ; on m'accole alors le gilet de compression que j'avais acheté et qui remplit, peut-être avec trop de zèle, son rôle premier. On me demande à quelle heure on me vient chercher ; je réponds que je rentre seul. On lève un sourcil circonspect mais mon état ne doit pas être des plus détestables, puisqu'on me laisse partir. Je règle l'abondante facture, je ne suis pas encore tout à fait sûr de ma prise en charge : mais je me garderai de parler d'argent ici, je n'aime point être vulgaire.


Une fois rentré, je fais mes lessives ; je me lave avec difficulté, car il ne faut mouiller le haut du corps ; je m'occupe du courrier qui en deux jours a eu le temps de s'amonceler.


Ce soir, un autre ami d'infortune me vient voir : nous allons sans doute boire et parler. 


Je me sens, au propre et au figuré, bien plus léger : je ne sais ce que j'emporterai dans la tombe, mais je laisse volontiers aux chiens ces seins qui ne m'ont apporté que désespoir et j'attends avec impatience la fin de mon repos. On dit, et c'est avec raison, que l'être doit s'affirmer devant le paraître ; mais il est, hélas, des malchances qui éloignent des bonheurs de la vie, qu'elles soient provoquées par les autres ou par soi-même. Montaigne me dit que c'est l'accoutumance, plus que la science, qui ôte l'étrangeté : cela est vrai. Mais je suis seul à vivre avec mon corps, et je finissais par le subir plus qu'à l'accepter : et ne m'aimant plus moi-même, comment aurais-je pu encore aimer les autres ?

J'ai, à présent, des revanches à prendre et des courtoisies à faire : j'ai bien des conquêtes qui m'attendent et, à défaut de vaincre, je les rencontrerai : nul n'est besoin de croire pour entreprendre, ni de réussir pour persévérer. J'ai misé sur mon futur comme un joueur lance les dés sur le tapis vert et de même que lors de mon régime, je suis resté l'artisan de mon propre bonheur : et si j'ai cédé, comme on le dira sans doute, à la voix populaire et aux apparences, cela n'a pas été sans réflexion.

À bientôt trente ans, je suis enfin l'homme que j'ai toujours voulu être : et toute la philosophie du monde ne pourra m'enlever la joie qui à présent m'habite.",,False,self,t5_2qhjz,False,,,True,t3_1fkmau,http://www.reddit.com/r/france/comments/1fkmau/témoignage_ma_gynécomastie/,,1970
146,1355826494.0,72,self.france,151op7,"Alors Gérard, t'as les boules?",98,26,64,http://www.reddit.com/r/france/comments/151op7/alors_gérard_tas_les_boules/,"(Je poste parce que j'ai eu du mal a trouver la lettre entière, n'étant pas abonné a Libération, et elle est vraiment pas mal.)

Tu ne veux plus être français…? Tu quittes le navire France en pleine tempête ? Tu vends tes biens et tu pars avec ton magot dans un pays voisin aux cieux plus cléments pour les riches comme toi ? Evidemment, on cogne sur toi plus aisément que sur Bernard Arnault ou les héritiers Peugeot… C’est normal, tu es un comédien, et un comédien même riche comme toi pèse moins lourd ! Avec toi, on peut rattraper le silence gêné dont on a fait preuve pour les autres… C’est la nature de cette gauche un peu emmerdée d’être de gauche.

Mais Gérard, tu pensais qu’on allait approuver ? Tu t’attendais à quoi ? Une médaille ? Un césar d’honneur remis par Bercy ? Tu pensais que des pétitions de soutien de Français au RSA allaient fleurir un peu partout sur la Toile ? Que des associations caritatives allaient décrocher leur abbé Pierre, leur Coluche encadrés pour mettre ta tronche sous le plexi ? Le Premier ministre juge ton comportement minable, mais toi, tu le juges comment ? Héroïque ? Civique ? Citoyen ? Altruiste ? Dis-nous, on aimerait savoir…

Le Gérard «national», le rebelle de Châteauroux, le celui qui, s’il n’avait pas rencontré le cinéma, serait en taule à l’heure qu’il est comme tu le disais, le poète de l’écran la rose à la main quand ça devait faire bien d’en avoir une, qui nous sort un «c’est celui qui le dit qui y est»… Tu prends la mouche pour un petit mot et tu en appelles au respect, comme le fayot dans la cour de récré… Tu en appelles à tes gentils potes de droite pour que le grand méchant de gauche arrête de t’embêter… Tu voudrais avoir l’exil fiscal peinard, qu’on te laisse avoir le beurre et l’argent du beurre et le cul de la crémière qui tient le cinéma français… Tu voudrais qu’on te laisse t’empiffrer tranquille avec ton pinard, tes poulets, tes conserves, tes cars-loges, tes cantines, tes restos, tes bars, etc.

Et nous faire croire en tournant avec Delépine qu’un cœur social vibre encore derrière les excès et les turpitudes de l’homme… Nous faire avaler à coups de «han» de porteur d’eau que tu sèmes dans tes répliques trop longues, que l’homme poète, l’homme blessé, l’artiste est encore là en dépit des apparences… Le problème, Gérard, c’est que tes sorties de route vont toujours dans le même fossé : celui du «je pense qu’à ma gueule», celui du fric, des copains dictateurs, du pet foireux et de la miction aérienne, celui des saillies ultralibérales…

Tout le monde ne peut pas avoir l’auréole d’un Rimbaud qui, malgré ses trafics d’armes, fut et restera un poète… à jamais. Toi, tu resteras comme un type qui a fait une belle opération financière sur le cinéma français, un coup de Bourse, une OPA… Tu as transformé tes interprétations les plus réussies en stratégie de défiscalisation. Il doit y en avoir un florilège de répliques que tu as jouées et qui résonnent bizarrement maintenant !

Des répliques de poète, d’homme au grand cœur, d’yeux grands ouverts sur la misère du monde, orphelines de pensée et violées par leur interprète, parce que l’homme a les rognons couverts, mais l’acteur a fait faillite… L’homme est devenu riche mais sa fortune lui a pété à la gueule. Tu sais, ces gros pets foireux dont tu te vantes et que tu lâches sur les tournages en répondant à tes 12 téléphones au lieu de bosser ?

Tu votes pour qui tu veux, et tu fais ce que tu veux d’ailleurs, mais ferme-la, prends ton oseille et tire-toi, ne demande pas le respect, pas toi ! Sors de scène, Montfleury, «ce silène si ventru que son doigt n’atteint pas son nombril !» Et puisqu’on est dans Cyrano, te rappelles-tu de cette réplique, mon collègue, qu’il adressait à De Guiche sauvant sa peau au combat en s’étant débarrassé de son écharpe blanche ? Il demande à Cyrano ce qu’il pense de sa ruse et ce dernier lui répond… «On n’abdique pas l’honneur d’être une cible.» Tu t’en souviens ? Tu devrais… En ce temps-là, tu apprenais ton texte…

On va se démerder sans toi pour faire de ce pays un territoire où l’on peut encore, malgré la crise, se soigner correctement, où l’on peut accéder à la culture quelle que soit sa fortune, où l’on peut faire des films et monter des spectacles grâce à des subventions obtenues en prélevant l’impôt… Un pays que tu quittes au moment où l’on a besoin de toutes les forces, en plein siège d’Arras, sous les yeux des cadets médusés… Adieu.

Philippe Torreton - COMEDIEN ",,False,self,t5_2qhjz,False,,,True,t3_151op7,http://www.reddit.com/r/france/comments/151op7/alors_gérard_tas_les_boules/,,1970
174,1364243680.0,64,self.france,1azuk8,C'est quoi le problème avec le mariage pour tous...?,83,19,219,http://www.reddit.com/r/france/comments/1azuk8/cest_quoi_le_problème_avec_le_mariage_pour_tous/,"D'abord je dois vous dire que je suis Québécois. Ici le mariage pour couple de même sexe est légal depuis environ 10 ans. J'arrive difficilement à saisir tout ce qui se passe chez vous. J'ai lu plusieurs articles à ce sujet mais j'arrive encore difficilement à comprendre le genre d'argument que les gens contre le mariage pour tous utilisent. Dans ma tête, c'est tout simplement normal que les couples homosexuels aient les mêmes droits que les couples hétérosexuels et pour être franc, je pensais que la France avait déjà légalisé le mariage pour tous bien avant le Québec... Je me dit que l'enjeux est tellement ridicule qu'il doit y avoir quelque chose de plus grand derrière. Ça ne peut pas être une haine envers l'homosexualité qui pousse tant de gens à aller manifester, du moins je l'espère. Peu être que je me trompe mais j'ai l'impression que, souvent, les gens contre le mariage pour tous font partie de la droite politique. Est-ce que c'est plutôt une forme de protestation envers les politiques socialistes du président en poste qui pousse les gens à aller contester? Où est-ce que c'est plutôt l'aspect religieux de la chose? Faut savoir qu'au Québec l'aspect religieux d'un enjeux ne compte pour a peu près rien étant donné que dans les années 1960 la société Québécoise à complètement rejeté tout ce qui était religieux. Si ma mémoire est bonne nous sommes passés de près de 90% de fréquentation de l'église à un peu plus de 5% en l'espace de 1 ou 2 ans. Peu être que c'est à cause de ça que j'arrive difficilement à cerner l'enjeux.

Bref, je serais curieux d'entendre une personne contre le mariage pour tous me parler un peu de ses motivations.

TL;DR La France pour moi à toujours été un symbol de respect de l'égalité entre les humains et je n'arrive tout simplement pas à comprendre d'où vient ce débat contre le mariage pour tous. ",,False,self,t5_2qhjz,1364250275.0,,ZBTQuebec,True,t3_1azuk8,http://www.reddit.com/r/france/comments/1azuk8/cest_quoi_le_problème_avec_le_mariage_pour_tous/,,1970
205,1349919095.0,59,self.france,11aafd,"Subreddits : lemonde, rue89 et lefigaro",69,10,43,http://www.reddit.com/r/france/comments/11aafd/subreddits_lemonde_rue89_et_lefigaro/,"Bonjour,


suite à une énième discussion sur la médiocrité du système de commentaires de la plupart des sites d'actu francophones, j'ai décidé d'arrêter de râler et de tenter une expérience. Cela fait quelques jours que je teste un petit bot que j'ai fait pour peupler des subreddits que je viens de créer : /r/rue89 /r/lemonde/ et /r/lefigaro/


Seul le bot peut créer des articles, il le fait à partir des flux RSS de ces journaux (mise à jour toutes les 5 minutes) par contre tout le monde peut voter et commenter. Entre le site du figaro qui empêche de suivre une discussion et qui modère lourdement et celui du Monde qui réserve les commentaires aux abonnés, j'ai pensé que ça aurait pu plaire de commenter directement sur reddit.


Si vous souhaitez voir un autre journal sur reddit, envoyez moi un PM.


Voila, commentaires et remarques bienvenus.

EDIT : Merci pour les suggestions de journaux : Libé, L'express, Causeur, Arte, Cdansl'air... Je les garde sous le coude mais j'attends un peu de voir si la communauté francophone de reddit est capable de gérer un tel flux de news (Le Monde mitraille plus que je ne le croyais). Un mot sur la sélection : cette idée m'est venue à cause de discussions sur rue89 et son système de commentaire archaïque. À l'origine j'ai fait le bot uniquement pour ce site, mais je me suis dit que ce serait plus équilibré de mettre aussi un média étiqueté ""de droite"" et un plus neutre. L'idée est de permettre à chacun de trouver un truc qui lui plait sans trop disperser les grenouilles. Si ça a du succès, je rajouterai les autres (et si vous n'êtes pas d'accord avec cette approche, n'importe qui peut ajouter un journal, il suffit de récupérer le code en commentaire et de le faire tourner sur un serveur.)",,False,self,t5_2qhjz,1350004610.0,,YAFrance,True,t3_11aafd,http://www.reddit.com/r/france/comments/11aafd/subreddits_lemonde_rue89_et_lefigaro/,,1970
335,1365874587.0,44,self.france,1ca0j9,Please help me identify this statue,48,4,81,http://www.reddit.com/r/france/comments/1ca0j9/please_help_me_identify_this_statue/,"SOLVED: thank you happy_otter!

It's the Monument André Theuriet in Bar-le-Duc.  

I also want to thank everyone who took time to look into this.  It's been driving me crazy for a while.  It wasn't until we were going through my grandfather's war things yesterday that I found the pass for Bar-le-Duc, which turned out to be an important clue.  

Thank you r/France 
-------------

Can anyone identify the statue in this photo ?
[Imgur](http://i.imgur.com/kOEqXEZ.jpg)

This is a picture of my grandfather and his sister in 1945 in France.  I'd like to visit this in September when I come to France, but I'm not sure where it is.  My mother believes it is in/near Paris, but I'm not sure.

Thank you!


EDIT:

Here is the scan e-mailed to me from my mother http://imgur.com/agbsii6

She indicated to me that the only time my grandfather met up with his sister was in Paris and she doesn't believe either of them knew anyone that died in WWI.   Our information is mostly from old letters that my grandfather wrote to his twin brother, as both of my grandparents and my great aunt have passed.

EDIT 2:

My great aunt was a nurse so her visiting a Pasteur monument would make sense.

EDIT 3:

Here is another picture taken the same day, which may give additional clues to the location of the first picture.  Couldn't hurt anyhow.  http://imgur.com/LmEs8J3
",,False,self,t5_2qhjz,1366032770.0,,,True,t3_1ca0j9,http://www.reddit.com/r/france/comments/1ca0j9/please_help_me_identify_this_statue/,,1970
347,1340195784.0,49,self.france,vbqcv,Why do French people linger so long after the movie has finished at the cinema?,56,7,71,http://www.reddit.com/r/france/comments/vbqcv/why_do_french_people_linger_so_long_after_the/,"Disclaimer: I'm not complaining, just want to know where/when/why this habit developed and if it is the case in all parts of France.

I live in Lille and go to the cinema anywhere between 4 and 6 times a month. I've now made the habit of sitting at the end of the row, because I know that if I sit in the middle I will be trapped between the French filmgoers who do not budge long after the film has ended.

I find this so completely bizarre. 

In fact, I could understand not moving after the movie is finished if we had just watched some great masterpiece and we are too emotionally overwhelmed to move. BUT, this same habit occurs even after dumb blockbusters and Hollywood melodramas. 

Please help me to understand this really unusual quirk of French people? Do you do it yourself? Or does it bother you when people do it?",,False,self,t5_2qhjz,False,,,True,t3_vbqcv,http://www.reddit.com/r/france/comments/vbqcv/why_do_french_people_linger_so_long_after_the/,,1970
372,1327336126.0,43,self.france,ot08j,Merci la France,53,10,40,http://www.reddit.com/r/france/comments/ot08j/merci_la_france/,"Cher r/France

Dernier année je écrira ici un question. Est-ce que possible pour vous me aider pour me trouve une appartement et avec l'application pour le visa Scientific.

J'étais certain que c'est impossible pour moi a travaillez comme une scientiste en France. Aujourd'hui je suis en France, avec une visa et une appartement très sympa dans le centre ville d'Aix en Provence. 

Pour moi c'est une rêve qui viens.

Il fait soleil, le science est belle, les gens sympathetique. C'est pitoresque (un mot plutot Aixoise peut-etre?)

Alors Merci a tout-vous. Et merci pour la France une pays super.

J'ai rien mais mes .gifs alors c'est mon [preferée](http://i.imgur.com/D6Nf9.gif)

EDIT: Et je sais ma français est une peut merde mais les gens comprends alors c'est suffit quand j'apprends. ",,False,self,t5_2qhjz,False,,,True,t3_ot08j,http://www.reddit.com/r/france/comments/ot08j/merci_la_france/,,1970
463,1347328839.0,40,self.france,zops8,"Sérieusement, j'avais jamais trop remarqué mais ça ne choque personne le xénophobisme anti-Français généralisé sur Reddit?",74,34,125,http://www.reddit.com/r/france/comments/zops8/sérieusement_javais_jamais_trop_remarqué_mais_ça/,"Case in point:

un sujet où tout le monde s'insurge contre un smiley chinois sur un verre de Starbucks parisien en criant au racisme...

Et tout d'un coup, [ça](http://www.reddit.com/r/WTF/comments/znubq/so_my_koreanamerican_friend_went_to_a_starbucks/c667p3r) avec un score de +2000 ? (ok, c'est dit sur le ton de la blague, je pense que ça passe, ça me choque pas vraiment)

Puis quelqu'un enchaîne directement avec [""Parisians are the assholes of France. Now if you head out into the country side then you will meet some really nice people.""](http://www.reddit.com/r/WTF/comments/znubq/so_my_koreanamerican_friend_went_to_a_starbucks/c669a0e ) = +700. Avec en bonus, [""As an American who spent a week in Strasbourg, I can confirm this.""](http://www.reddit.com/r/WTF/comments/znubq/so_my_koreanamerican_friend_went_to_a_starbucks/c66a2a1 )

[""They obviously hate Americans.""](http://www.reddit.com/r/WTF/comments/znubq/so_my_koreanamerican_friend_went_to_a_starbucks/c66ayya ) = +300

[""Yeah, but fuck france""](http://www.reddit.com/r/WTF/comments/znubq/so_my_koreanamerican_friend_went_to_a_starbucks/c66bh1w ) = +200

etc.



Ce thread est rempli de conneries anti-Français et anti-Parisiens, honnêtement je perds mes mots devant autant d'ignorance et de patriotisme béats. Et pour ma gouverne, oui je sais distinguer l'ironie et le second degré du discours sérieux, et vu le ton de la conversation c'est plutôt clair que la majorité pensent ce qu'ils disent et upvotent.

Voilà, pas grand chose à ajouter, je voulais juste partager ma surprise. Le comble de l'ironie c'est quand même que, comme je l'ai dit, tout ça se passe dans un sujet où le thème principal est le racisme.",,False,self,t5_2qhjz,False,,,True,t3_zops8,http://www.reddit.com/r/france/comments/zops8/sérieusement_javais_jamais_trop_remarqué_mais_ça/,,1970
556,1371647384.0,34,self.france,1gni86,Offre d'aide à la recherche d'emploi en France,36,2,16,http://www.reddit.com/r/france/comments/1gni86/offre_daide_à_la_recherche_demploi_en_france/,"Bonjour !

Si tu cherches un emploi en France, je me mets à ta disposition pour t’aider avec ton CV, lettre de motivation, préparation aux entretiens et conseils de recherche en général. Un service similaire à ceux proposés par l'APEC, mais de manière réellement personnalisée. Et gratos.

Au fil des années j’ai acquis une solide expérience dans le secteur du recrutement. J’envisage de créer ma propre société de conseil dans un futur proche et souhaite tester ma méthode pour pouvoir adapter les services aux attentes des gens. Je suis ici pour me trouver des cobayes!

Toutes les personnes qui me contactent par ce moyen recevront mon assistance de façon totalement gratuite.

Si ça t'intéresse, PM me!
Merci !

Edit: purée ça a décollé! J'ai plein de boulot là! Merci à vous tous, et n'hésitez pas à continuer à balancer vos demandes. Plus de gens je peux aider, mieux pour vous et pour moi.",,False,self,t5_2qhjz,1371720074.0,,,True,t3_1gni86,http://www.reddit.com/r/france/comments/1gni86/offre_daide_à_la_recherche_demploi_en_france/,,1970
570,1342775904.0,31,self.france,wv6vg,"WikiLF, pour franciser les anglicismes : après ordinateur et courriel, lolcat deviendrait chamusant.",37,6,55,http://www.reddit.com/r/france/comments/wv6vg/wikilf_pour_franciser_les_anglicismes_après/,"Il y a quelques jours on a eu un débat assez échevelé sur l'utilité, ou l'inutilité, de traduire les mots venus de l'anglais : http://www.reddit.com/r/france/comments/wmszf/comment_traduiriezvous_upvote_et_downvote_en/

Il y avait pas mal de réponses pertinentes, et la discussion a fait état de plusieurs mots qui n'étaient pas traduits. Hé bien voilà WikiLF : http://wikilf.culture.fr/

&gt; (...) la langue française évolue avant tout au quotidien, dans l’usage que chacun en fait. Un néologisme ne saurait être adopté que s’il fait mouche auprès de ses potentiels usagers. C’est la raison pour laquelle le ministère de la Culture et de la Communication lance ce  nouveau site collaboratif à l’occasion de la Semaine de la langue française et de la Francophonie : pour que ces deux processus d’enrichissement de la langue française, l’un officiel et l’autre plus diffus, prennent toute leur force en se nourrissant l’un de l’autre.

Des mots sont proposés et débattus, et qui sait, certains seront peut-être utilisés couramment dans cinq ou dix ans?",,False,self,t5_2qhjz,False,,ZAFrancophonie,True,t3_wv6vg,http://www.reddit.com/r/france/comments/wv6vg/wikilf_pour_franciser_les_anglicismes_après/,,1970
646,1349289019.0,28,self.france,10vzbz,"Je cherche une site web comme Reddit, mais en français ",34,6,63,http://www.reddit.com/r/france/comments/10vzbz/je_cherche_une_site_web_comme_reddit_mais_en/,"Salut à tous !

Depuis le début du septembre je vis en France et c'était tellement bien mais aussi un peu dur car je ne peux pas comprendre les Françaises quand ils parlent entre eux.. Je trouve que tout le monde parle trop vite at mange beaucoup de mots :(

Du coup, je voudrais bien améliorer mon français!
Je suis allemande et depuis quelque ans j'ai vraiment amélioré mon anglais par Reddit, donc maintenat je cherche une site web comme reddit, mais en français. Et oui, j'ai déjà essayé de lire un livre en français, mais, en fait, je n'aime pas le passé simple. ;)

Ok! En avance, merci pour vos conseils et je suis désolée d'avoir fait des fautes :)",,False,self,t5_2qhjz,False,,,True,t3_10vzbz,http://www.reddit.com/r/france/comments/10vzbz/je_cherche_une_site_web_comme_reddit_mais_en/,,1970
849,1327681810.0,26,self.france,oz9la,C'est normal de dire en France que les canadien parlent pas français?,31,5,88,http://www.reddit.com/r/france/comments/oz9la/cest_normal_de_dire_en_france_que_les_canadien/,"Quelque jour je parlais à une amie française que apprendre le portugais (je suis brésilien) comment vas se cours. Elle m'a dit que c'était bien, qu'elle trouve le langue beau, mais qu'elle apprendre pas le portugais, mais le ""brésilien"", car ça prof est brésilienne.

J'ai lui expliqué que c'est la même langue, juste avec un accent très différent et quelques mots que changent. Elle a refusé en agréer. Pour faire ma explication plus claire, j'ai essayé de faire une comparaison: ""C'est comme s'on disait que les canadien parlent pas les français..."" Elle a répondu que les canadien parlent pas le français, mais ""le quebequien""...

Alors, je peut comprendre que vous voulez laisser claire les différence entre les accents en donnant noms différents, mais nier qu'un peuple parle français, juste pour un accent différent...? Je sais pas, mais j'ai trouvé ça un peu ""élitiste""...

Je ne sais pas le que parlent les portugais, mais, moi, je préfère ajouter les plus grands nombres de personnes dans ma langue maternelle,  pour donner un sen de collectivité et importance à ma langue. Peut-être les français on une perception différent et ils vouent   conserver la langue ""pur""...bien, ça est à vous pour répondre.

Merci de votre attention et pardonnez moi, s'il vous plaît, les gros erreurs en grammaire et orthographie.",,False,self,t5_2qhjz,False,,,True,t3_oz9la,http://www.reddit.com/r/france/comments/oz9la/cest_normal_de_dire_en_france_que_les_canadien/,,1970
951,1338322693.0,22,self.france,uauyl,Modération de r/france,36,14,27,http://www.reddit.com/r/france/comments/uauyl/modération_de_rfrance/,"Il fut un temps où r/france était peuplé, en plus des habituelles questions de touristes, d'articles de journaux variés et, pour la plupart, intéressant.

Depuis le deuxième tour des présidentielles j'ai constaté une invasion de r/france par des demotivational, des posts dont l'intérêt principal est un jeu de mot foireux, des pubs comme j'en trouve par paquet de 5 dans ma boîte aux lettres et autres memes qui tournent à plein régime sur facebook.

Il y a, à ma connaissance, un sous-reddit particulièrement adapté à ce genre de contenu : [r/jememarre](http://www.reddit.com/r/JeMeMarre). Ne serait-il pas opportun de faire en sorte que le contenu lolesque en français se retrouve là-bas et que r/france se consacre plutôt à ce qui a fait sa grandeur (au moins à mes yeux) ?",,False,self,t5_2qhjz,False,,IDF,True,t3_uauyl,http://www.reddit.com/r/france/comments/uauyl/modération_de_rfrance/,,1970
969,1297291207.0,24,self.france,fic13,Il y a 5 ans que j'ai decouvert ce text au-dessous du mur chez ma tante,33,9,6,http://www.reddit.com/r/france/comments/fic13/il_y_a_5_ans_que_jai_decouvert_ce_text_audessous/,"[cross post from WTF](http://www.reddit.com/r/WTF/comments/fhzzc/five_years_ago_my_parisian_aunt_asked_me_to_help/)

I studied abroad one semester in Paris, going in with terrible French and leaving with mediocre French. I stayed with my aunt, whom I had never met before, and who only shared French as a language with me. She was incredibly kind, and helped me reconnect with many relatives I did not know I even had.

In the last month I was there, my aunt  asked me to help her take down the apartment's wallpaper. She told me that originally when she came to rent at the building, she thought the walls were painted, not wallpapered, but was disappointed to find this wasn't the case when the management called her back with a newly-vacant apartment. So we bought some supplies, moved the furniture, and got to work.

After scraping off a few pieces, I started seeing marks underneath. Then letters. [Then this emerged.](http://i.imgur.com/mjPIl.jpg)

We were taken aback, but we kept scratching. Eventually, [we had cleared the whole wall.](http://i.imgur.com/JZqm3.jpg)

It was a scrawling letter, addressed both to a man's wife (ex wife? lover?) and his daughter. Some parts were angry, others sad, others manic and unintelligible. Many parts seemed to reference suicide. The image of a deep-sea diver, along with the phrase ""Tu n'as pas le droit"" (you don't have the right) appears to be an homage to [this French comic.](http://i.imgur.com/M7iYS.jpg)

I know the image quality is bad (only had a 3.1 MP camera back then), but some parts are quite clear including these magazine cutouts saying (roughly):

[You don't have the right. You stole our child. God will see to it that you pay for this one day.](http://i.imgur.com/VXk7C.jpg)

Other parts (correct my French if I'm wrong) say things like:

* ""One day, my dear child, you will understand. You'll know that I would have wished to see you grow up. You'll understand how your mother's savagery ruined me.""
* ""My beautiful daughter.... (something about happiness)... and me, who actually believed your mother loved me.""
* ""(something) I'm incredibly tired I want to... I want to sleep and... (something) my beautiful daughter. You must (something) this life.""  
* ""Your mother has no idea what she really is.""
* ""You were wonderful, I was so deeply happy. Despite everything, I still love you. **Goodbye.**""

[bachtaf translated a bit more of the text here](http://www.reddit.com/r/reddit.com/comments/fhw3w/five_years_ago_my_parisian_aunt_asked_me_to_help/c1g2ncw)

This was profoundly sad, but provoked some curiosity. My aunt asked the neighbors if they knew anything about the previous tenant. They told her he was a quiet man, a political cartoonist. They said he kept to himself, then one day he disappeared.

I don't know anything more than that, but whenever I see wallpaper I think about that day in France and wonder who this man was and if he took his life or if he just left it behind.",,False,self,t5_2qhjz,False,,,True,t3_fic13,http://www.reddit.com/r/france/comments/fic13/il_y_a_5_ans_que_jai_decouvert_ce_text_audessous/,,1970
