,tweets
142,"aw sweet! moi aussi, je jouissais de la belle chaleur du soleil qui dansait entre la brise, luttant pour le toucher de ma peau."
188,"haha je pense que j'ai besoin de me detendre, les soleils brillant n beaucoup de emily faces autour"
243,je deteste les jours de pluie! il est cense pleuvoir toute la semaine. j'espere qu'il y aura un peu de soleil cet apres-midi afin que nous puissions jouer dehors
382,bonne fete des meres! ce sera une journee geniale et benie! se preparer au lit ... pour un beau et ensoleille dimanche ...
418,j'aime regarder le lever du soleil tant qu'il est calin avec une personne speciale et ne pas regarder par une fenetre au travail
445,a vu eminem la nuit derniere obtenir une bouffee d'ou le soleil ne brille pas - hilarant!
543,suis en vie mais au travail fini a 1300 le soleil est sorti
665,"si vous l'avez vraiment fait l'autre jour, il pourrait s'agir de deshydratation / coup de soleil. aller docs bien si ca reste ..."
736,"bonne jerez! soleil ici aussi! mere encore pas trop bien, mais j'ai hate d'avoir une amelioration. prends soin"
827,"la journee parfaite - a pu travailler sous le soleil, a vu chelsea lever la coupe fa et attire les amis et les amis; famille, jours heureux"
878,etang dans la crique de tortue. trouve lors de la mise en cache et amp; c'etait si gentil que nous nous sommes arretes. il y avait des cygnes et tout ... superbe journee ensoleillee
1184,"eh bien, c'est sympa ... vois-tu quel peu de soleil peut-il faire?"
1205,c'est tellement ensoleille ici aujourd'hui! aimer
1210,beau soleil! tout le monde a passe un excellent jour
1239,il fait chaud et ensoleille!!!!! woohooooooo !!!! avoir un bon cafe glace pour me donner ce coup de pied du matin!
1314,"je ne laisserais jamais le soleil oublier de briller sur ton visage, alors, quand d'autres auront des nuages   de pluie, tu n'auras que des journees ensoleillees"
1338,profiter du soleil aujourd'hui
1491,pratique de l'obtention du diplome dans la fnr de soleil chaud
1553,"pourquoi voulez-vous des shorts, il fait froid aujourd'hui, pas de soleil"
1560,bonjour a vous aussi le soleil! avez-vous dormi bien? reve de danny? tu vas vous aider avec le camp
1681,"je suis tres ensoleille, ma mauvaise ... alors tu as grandi la-bas"
1744,"je suis tres bien avec ca, c'est un bon temps pour faire de l'exercice! esp 4 sweat-ers profus comme moi qui fondent au soleil"
1747,"quel pere drole - vous priez pour le soleil et je prie pour la pluie, mais christ nous a entendus tous les deux -"
2012,reveille par brique et amp; dentelle! bonne journee aujourd'hui et ensoleille! ne pouvait pas demander plus ... woohoo
2094,ensoleillement! nous avons des calories de glace et faisons un tour en voiture! woohoo
2319,je laisse san andorre ensoleillee pour la pluie ... ca suce
2429,"ok ... je dois malheureusement ... travailler, oui, le jour est nuageux et je ne veux pas avoir de la boue dans mes chaussures pour aller au travail: s esperant que le soleil brille"
2540,se demandant ou est sorti le soleil? j'allais prendre un bain de soleil avec un livre dans le jardin. pourrait aller et le faire de toute facon ...
2810,"disneyland etait incroyable, mais je ne supporte pas le soleil. je suis tellement rouge. : \ mais, le trajet en bus a la maison etait assez amusant,"
2817,10 heures jusqu'a ce que je sois chez moi. le soleil arrive!
2831,"paris sous la pluie! nous l'esperons, nous avons eu le soleil ce week-end ^^ en passant ... matin tous!"
3220,souhaitant melbourne etait chaud et ensoleille en ce moment .... mmmm
3228,"mange le petit dejeuner en premier sinangag, daing na dilis + oeil ensoleille cote oeuf (mmm)"
3235,tous brules par le soleil = (pas bon dans la douleur ... mais pensez aux personnes bronzees de nuit ...
3273,trempage au soleil
3293,nu sans lunettes de soleil
3371,"j'ai passe une bonne journee dans la coque, j'ai un peu de coups de soleil sur mon visage a nouveau, j'aime ce nouveau shii se sentir tellement estival! entrez l'album shikari (l)"
3579,j'aime l'arome de la pluie et de l'air sans ozone qui arrive avec des journees douces - envieux de souvenirs de plages chypriotes embrassees par le soleil
3822,dans l'attente de s'asseoir au soleil au dejeuner
3862,aime le soleil pour un pique-nique avec ma maman
4059,"terminator etait fantastique! le temps d'aller boire, la honte, le soleil est parti!"
4177,"oh, il ne pleut pas. il fait froid et je ne peux pas dormir. j'aimerais pouvoir etre dans un endroit plus ensoleille"
4360,"petit-dejeuner, manucure & amp; puis travailler. nous avons besoin de soleil en nyc !!"
4569,"salut, il est lundi, allez baiser le soleil!"
4607,mollie aime le soleil
4646,"desole, beau temps ensoleille dans une chaine de jours pluvieux, mais j'ai besoin d'un jour de ne rien faire."
4664,quelqu'un a assis sur mes lunettes de soleil dimanche dernier je dois les emmener
4672,chaud et ensoleille. je me suis rendu compte que le port d'un rouge t-shire fait ressortir mon coup de soleil!
4686,vous devriez etre ici ensoleille
4692,dance = pain !!! etire tellement !!! si douloureux!! n'a pas aide le coup de soleil!
4733,"je ne peux pas travailler facilement, le soleil est sur le dos et un oiseau tweet dans l'arbre de la porte et cette table de jardin est un peu dechirante"
4759,"faire des courses au walma & amp; j'achete enfin ma robe de soleil swift! swac, hm & amp; jonas ensuite (:"
4897,hier a ete amusant! suce que je dois travailler demain et amp; matin de soleil
4984,hey chickie! comment est le soleil que tu finis? il est la et ici booooo mais au moins c'est arrete de pleuvoir (pour l'instant!)
5007,"3 heures dans un e & e et presque se sentir endormi, je me sens comme si j'avais maintenant un arbre attache a mon poignet, c'etait aussi une journee ensoleillee a l'exterieur"
5370,s'endormir apres le lever du soleil ... je ne pouvais pas m'endormir ce soir
5373,aller au ren faire aujourd'hui. j'espere que je ne fond pas dans le soleil et que je chauffe
5410,assis au soleil au bord de la mer
5413,est en train de lutter contre l'envie de gratter les yeux et le nez; le rhume des foins suce mais ne doit pas se plaindre comme je l'aime au soleil! courtiser!
5615,"une demi-heure de retour, c'etait vraiment ensoleille. soudain, c'est vraiment tres sombre maintenant. va verifier si c'est un ufo!"
5633,non parce que je suis en angleterre? soleil?? qu'est-ce que c'est?!
5702,"damn ces nuages. ils m'ont trompe et maintenant, je brule tout le soleil"
5732,"j'ai apporte des lunettes de soleil polaroid furore (italien) de l'aeroport international de bangalore, les ont perdues"
5926,"soit heureux. je suis alle dormir peu de temps apres j'ai pense ""ah, merde! le soleil arrive! & quot; (~ 5: 30) et a ensuite ete reveille a 8"
5938,"va s'asseoir dehors sous le soleil avec une guitare, devrait etre sympa, juste pour se detacher ... ne peut pas attendre ..."
5972,"bonne fete des meres!! dieu doit etre souriant a nous tous ""les meres & quot; ... le soleil brille..."
6250,"rever de ""l'ancien temps"" pre-argile le boxeur vouloir tot pour jouer au soleil et retourner au lit! le dimanche ne reside plus longtemps!"
6258,"je sais que nous en avons deja vu un peu jusqu'a present! pas autant que je le voudrais, mais aucun soleil ne vous fait tomber apres un certain temps"
6444,a profite du soleil aujourd'hui. a propos de temps sanglant!
6540,"bonjour, une autre journee ensoleillee a l'exterieur de ma fenetre."
6648,"malheureusement, la meteo est tres mauvaise ici a berlin, je veux le soleil! ya!"
6824,softball softball softball et boire une boisson boisson ... oh ya et dispose au soleil
6965,dit bye bye mr. ensoleille
7028,"ne me meprenez pas, j'ai aime le hors-soleil ce soir, mais omg, il m'a dechire comme quelque chose de feroce."
7079,"le coucher du soleil qui retourne a l'eau de mer est magnifique! cette image ne fait pas justice, mais je l'ai prise de toute facon."
7099,alors il faut se rapprocher de l'ete parce que je vais au barbecue aujourd'hui boire au soleil.
7100,"oui, j'ai passe 2 jours de conge, maintenant 8-7, 8-6,8-6. yuk, manquera le soleil x"
7113,desire etre a nouveau au soleil aujourd'hui non coince au travail
7162,etoiles recemment v table? nuages   de pluie on voit alors tr? i (tous rui ensoleille
7221,c'est tellement chaud. juste ete dehors couche dans le soleil.
7254,90 degres et ensoleille
7294,veut que le soleil se leve! pleaseeeeeeeeee!
7296,l'heure de travailler! et pourquoi pleut-il a l'exterieur ou le soleil est parti!
7307,coups de soleil sur mes jambes. se sent comme si c'etait sur un radiateur mais dans une bonne facon
7365,assis dehors dans le beau soleil chaud sur cette belle journee d'automne
7424,mon epaule de coup de soleil semble etre plus triste
7476,aimer ce soleil
7480,je deteste les jours ou il pleut arrrrrr ramener le soleil s'il vous plait!
7657,"belle journee ensoleillee! je suis alle faire une promenade avec mon pere dans les magasins pour aller a romford, obtenir un smoothie de zumo et obtenir une paire de chaussures."
7707,"apres un coucher de soleil abondant pendant plusieurs heures, nous avons maintenant une nuee de tonnerre tres sinistre qui se profile au frais. ressemble a summah."
7864,haha zap cette chose genante et ca va se corriger (rires) oui et j'adore le soleil et la chaleur
7871,"profiter du soleil, enfin"
7893,"oui, je sais que j'ai eu une tres petite brulure quand j'etais en guatemala, mais le bloc-soleil est genial et ca sent bien"
8260,"en regardant une colline d'arbre, mais dans une belle journee ensoleillee"
8355,"prenez-vous 2morrow sur le club du petit-dejeuner ... ensoleille et amp 24 2 jours. woo hoo ... vos nombres d'ebingo b9, i27, n41, g55, o72. ed mcmahon meurt"
8412,"sortit pour se diner, se bronzant et adorant et regardait dans le miroir pour voir le visage rouge et brule par le soleil. reculer"
8513,je me suis assis dans mon chemin ..... maison face ouest sans soleil ici non plus
8635,"est brule par le soleil. j'ai oublie de mettre le bloc-soleil, parce qu'il etait tellement nuageux. ma poitrine est malade."
8682,bon anniversaire ! laissez le soleil briller dans votre vie et vous savez que singapour est un endroit tres ensoleille;
8693,pouvez-vous envoyer un peu de soleil ici? son eclat de raideur et pluie ici
8741,"desireux de faire des devoirs, alors, couche au soleil! , a rencontre un garcon tres attrayant appele colby au travail aujourd'hui!"
8889,ou vont les chaudes journees ensoleillees?
8925,"oui, moi aussi, c'etait la plaisanterie des barbots, un peu fait quelques fois sur le soleil. et de toute facon c'etait al gore qui a invente le net!"
9005,"maintenant, le soleil et les etudiants sont sortis, se dirigent vers le campus principal pour le dejeuner au bord du lac et une vue sur la ""faune"""
9185,avait un temps fabuleux et relaxant dans ce pays de reve. regarder notre dernier coucher de soleil et revenir a athenes sur le ferry de nuit!
9463,trop mal le soleil n'a pas dure tres longtemps. pluie stupide
9647,fievre + mal de ventre grave = l'ambre etait trop au soleil aujourd'hui
9655,"24 saison 7 finale hors du sens, s'est assis au soleil, maintenant, retournez au travail! des mises a jour bientot."
9665,"en fin de nuit, la nuit derniere, je suis si fatigue qu'au moins c'est une journee ensoleillee lol"
9739,le solstice d'ete aujourd'hui ... le soleil n'est nulle part vu cependant
9780,front brulures de soleil = douleur quand je bouge mon visage
9854,j'ai beaucoup apprecie son long week-end ensoleille !!! pas de revision
9970,* soupir * quand le soleil va-t-il sortir? j'ai besoin de bonheur ici
10031,"a l'exterieur pendant environ 1 heure, le soleil a ete chaud - pas d'attente de bronzage pour le lundi puis passera environ 2 heures a l'exterieur;)"
10171,tres ensoleille
10178,"se lever et se laver maintenant, puis frapper le soleil"
10356,bonjour soleil. je vois que vous etes ma dure concurrence avec le concours de fromage
10432,- profiter du soleil a la ferme greave house
10434,- le coucher de soleil de virginie sur un swing de porche arriere se sent un peu comme a la maison.
10439,magnifique journee ensoleillee et je vais travailler mieux pour monter demain!
10477,g'morning twitter world - une autre journee ensoleillee ici. a stornoway pour acheter des chaussures - ce devrait etre un defi
10771,j'ai un coup de soleil
10789,"je me demande? lol bien, le soleil brille, c'est un bon augure, je suppose"
10928,"le soleil et une bonne journee, a 60km de la course, ma chaine decide de se promener et de briser quelques rayons a l'arriere - & gt; dnf = me ennuye"
10933,quelle belle journee! ma chambre sent le soleil
11181,ensoleille et 75 aujourd'hui ... agreable apres toute cette pluie hier.
11219,"voyant ""loin nous allons & quot; a l'heure d'aujourd'hui, visite lacma et arret indigene necessaire au restaurant govinda ou vallee au soleil"
11224,"le soleil qui brille alors que je tape, mais nous avons eu la pluie, aucune arrete pratiquement depuis vendredi en envoyant des bras dans votre facon d'entrer simplement xx"
11268,jouissant d'un magnifique soleil dans le jardin arriere. aura plus de bbq
11474,"comment le saurais-je, je ne suis pas a vancouver! vous vous etes plaint d'etre a l'interieur alors que le soleil brillait a l'exterieur, souvenez-vous?"
11562,dernier jour de longues mensonges et etude au soleil pendant deux semaines
11584,"ahhh, ce soleil a besoin de profiter! putain de travail plus profond que le petit album grand bebe mo'fuckin! rick ross toute la journee erryday bun 50!"
11739,carence en melanine + soleil = brulure du soleil
11764,"soleil, bbq, biere froide, paolo / kasabians nouveaux albums sur, pas d'examens. la vie ne pourrait pas etre plus grand maintenant. un heureux linzi"
11825,veulent profiter du beau soleil mais la migraine dit autrement
11860,"pas de vent, le soleil est sorti ... adorez que je participerai ce jour apres tout. le petit-dejeuner se rencontre avec papa et dino au hilton. je dois y aller!"
11871,en cabriolet convertible. ensoleille. amusement. et paranoiaque etait a la radio
11902,n'a pas echoue aujourd'hui (je l'espere) le visage brule par le soleil cependant: /
11923,"bonne nuit, le soleil ou les nuages"
12109,tweetsters heureux lundi - avez-vous passe un bon week-end? je suis sorti au soleil et j'ai maintenant un bronzage de fermier sur mes bras.
12167,moi aussi ... portez de grandes lunettes de soleil et dors quand personne ne voit le hehe ... passe un bon jour
12199,"assis dans le bureau force de regarder le soleil de ma fenetre, au moins j'ai une fenetre pour regarder. seulement 2 semaines pour ma course: - & amp;"
12278,heyyyyy vous avez le soleil ..... s'il vous plait partager
12310,"il y avait un coucher de soleil mais non, je vais juste au diner"
12364,je souhaite que le soleil sortirait ... il est si couvert!
12396,quel est le soleil et la chaleur dont parlent les gens?
12498,"est fatigue d'insomnie et de mauvais reves, tant de recherches a faire et je veux juste etre au soleil"
12680,"pas assez rouge, un peu rose dans les taches ... mais surtout une belle lueur de soleil"
12736,"il pleut a shanghai, mais le soleil brille a vienne -"
12869,assis en residence surveillee / quarantaine jusqu'a ce qu'on recupere les ecouvillons. chemin de staa dimanche ensoleille
12934,"portpatrick est sympa, surtout au soleil. dommage pour les besoins dont les voitures ont des stereos mais leur tete manque de cerveau"
13103,"est-ce que c'est le soleil? un brouillard? non, c'est adriano en short! il faut se mefier!"
13132,"merci mon ami, j'espere que vous apprecierez votre journee aussi et ce beau soleil!"
13163,ete la ville avec la mere gentille et; ensoleille
13267,"le coup de soleil est beaucoup mieux aujourd'hui. je ne me trompe pas aussi mal. dommage, je n'ai toujours pas fait beaucoup de choses autour de la maison !!"
13302,"je suis a l'honneur de nuit, donc je ne peux pas l'apprecier de toute facon et tous mes amis sortent, y compris mon ex, parce que c'est tellement chaud et ensoleille"
13319,"gah ... je vois le jaune, je vois le rose, le bleu ... la journee ensoleillee, le rose chatoyant aujourd'hui"
13507,"- le temps ne semble pas trop beau: / meme que ici, j'espere que vous avez apprecie ce soleil que vous aviez ..."
13730,"j'ai l'impression d'avoir brule le soleil, je perds ma voix .. ce sera un premier o.o"
13918,"je ne peux pas croire qu'il faisait chaud et ensoleille un moment, et pleuvait, le tonnerre et la foudre le prochain ... c'est l'angleterre"
13990,enferme a l'interieur de davis quand il fait 88 degres et ensoleille.
14115,beau matin ensoleille + ski et sandales + excellent cafe = bonne humeur
14165,le soleil me leve
14201,matin tout ... un autre ensoleille ici
14212,meteo de week-end: chaud mais pluies d'eau sat. pluie plus lourde scotland n england soleil sorties ensoleillees ailleurs. passe un bon weekend
14230,un autre excellent jour - tellement glace au soleil
14233,va profiter du soleil alors qu'il est ici
14337,"en attendant que le soleil revienne! l'ecole est appelee, joey a mal a la gorge je veux l'ete !! desole de faire du dejeuner. j'adore alllllllllllll!"
14345,"le soleil, le cidre et la glace a lisa, qui a besoin de l'o.c? x"
14465,"c'est un temps horrible ici en angleterre, esperons que le soleil sortira bientot. x"
14625,"chaque annee, cela arrive toujours! vraiment ensoleille les jours precedant mon anniversaire alors le temps de mon anniversaire est nul"
14690,je me fais vraiment mal de mes coups de soleil!
14705,voici le soleil...
14732,"bonne soiree, tous n'ont pas appris ma lecon et ont fini par etre plus brules par le soleil, comment sont les autres? xxx"
14865,rester jusqu'au lever du soleil en conversation avec le meilleur camarade de chambre / amis / mari gay dans le monde me rend tellement heureux
14939,"en regardant le lever du soleil, cela aiderait si tous ces buissons n'etaient pas tous sur mon chemin."
14958,je deteste etre de mauvaise humeur! et une journee ensoleillee aussi !!!
14978,quelle jolie journee froide et humide te baise le soleil!
14993,en esperant que le fait d'etre au bureau toute la journee permettra de soigner mes taches de brulure du soleil!
15042,le soleil finit par apparaitre. salut! nous vous avons manque!
15213,je voulais passer la journee au soleil mais se cache derriere les nuages
15242,matin ensoleille apres la nuit sombre et froide
15280,j'ai pense a vous quand j'ai vu ces images de grille soleil / nyc ... contente que vous ayez pu le voir en personne.
15339,aimer le systeme haute pression avec un flux de blocage autour d'elle! excellents jours chauds ensoleilles pendant au moins 3 a 4 jours et peut-etre plus.
15383,"je vais en train de faire de la machine a tourner puis de prendre un bain de soleil un peu impatient de manger plus tard, meme si je vais manquer le bgt! haha"
15422,"d'accord, c'est officiel, mon ingredient prefere lorsque je cuisine des tomates sechees au soleil! j'ai developpe une vingtaine de recettes jusqu'a present. aimer."
15467,j'ai oublie que j'ai meme fait un compte twitter! haha. aller au lit ... mon coups de soleil me derange toujours
15505,"un mot pour les filles dans de grandes lunettes de soleil: yoko. elle avait l'habitude de marcher d'enormes nuances enveloppantes. pas un look chaud. mesdames, arrete de cacher tes yeux."
15533,"au podoug au soleil avec une famille, ils sont un peu dysfonctionnels, mais je les aime!"
15554,visage brule par le soleil.
15560,bmi a retarde mon vol - alors n'arrivez pas jusqu'a tard ce soir! il y a beaucoup de festin a faire ... -perilement au soleil ;-)
15585,"qu'est-ce qui est bon, madame. texas!!! tout est ensoleille dans l'ar maintenant ... mais ca changera plus tard aujourd'hui ... plus de pluie"
15596,bonsoir soleil ... a vu le premier episode de la saison 2 de la nuit derniere! superbe!!!
15629,ne pas porter de lunettes pendant les jours ensoleilles pour egaliser mes lunettes de bronzage!
15767,"je ne peux pas voir tout bavarder, encore. soleil. vous ne pouvez pas discuter avec vous."
15787,bonjour soleil! amener les rayons chauds
15832,je viens de me reveiller pour voir le soleil !!! d'ou vient cela !? journee bien remplie
15912,deja trop humide pour tout ce qui se passe ici sans avoir de collants ensoleilles et je dois juste jouer a l'interieur aujourd'hui.
15977,"ou est-ce que mon pere est mon colocataire? c'est la fille d'ete, nous devrions passer ces journees ensoleillees ensemblerrrrr"
16091,c'est tellement triste d'entendre parler du nettoyage du soleil
16127,hhmmmm jalouse !! je veux etre au soleil
16131,qui aiment les shoshorts ... c'est tellement ensoleille (y)
16234,... un autre jour libre et le soleil brille ... la vie peut-elle etre beaucoup mieux?
16423,"salut mes amis!!! soleil???? quel est le soleil ???? !!! vivre a san francisco, je ne sais pas ce qu'il y a de soleil?"
16514,-hate d'etre dans ce club. le moustique m'a maintenu toute la nuit - cela signifie soleil tzu!
16590,avait du chocolat (pas surprenant) ne contribuait toujours pas a guerir d'etre en pleine journee ensoleillee
16607,"a la bonne web-dev genere leith affichant des photos du soleil et de la mer, epargnez une reflexion pour nous de pauvres saps profitant du dejeuner dans des bureaux de 30 degres"
16729,"une autre journee ensoleillee, joyeux jour ferie"
16803,oh non! le soleil est passe des nuages   et gt;
16881,yay pour le soleil.
16956,ou est le soleil?
17071,ensoleillement? ou? il gele ici
17219,c'est une journee magnifique a denver! amusement au soleil
17334,"ici aussi, et le soleil est a peine a la hauteur!"
17530,je luoe prenant des douches chaudes mais je dois prendre une douche froide a cause de mes coups de soleil! jelaine
17566,je suis tellement ennuye ... personne ne sortira et c'est comme une journee vraiment ensoleillee!
17593,"vivant! oui, la semaine occupee. pour la semaine, etre encore plus occupes! heureux de savoir que le soleil brille la-bas ... la aussi."
17640,j'attends que mon frere revienne a la maison afin que nous puissions sortir pour le dejeuner. actuellement s'eloignant dehors avec mon chat au soleil
17652,"changement de plan, au parc beau et ensoleille!"
17703,retourner a l'ecriture agreableville au soleil est bon pour l'ame.
17717,c'est tellement ensoleille!
17722,"trainer dans mon bassin toute la journee, attraper du soleil (j'espere ne pas bruler) et amp; la natation"
17784,6h30 le soleil arrive
17893,"trempe autant de soleil que possible, et je me sens encore mort. ecole demain, fuuuuuuuuuuuuuuuuuuuuuuuuuuuuuuck."
17955,je vous remercie ! ! comment est le soleil autrichien?
18110,"aujourd'hui, c'est aussi le dernier jour de beau temps, j'ai vraiment manque le soleil et je ne veux pas qu'il parte!"
18130,a regarde une vraie tonite de sang. ils ont l'eglise la plus cool appelee communion du soleil. me rappelle beaucoup de constructeurs de foi!
18199,"j'ai brule le soleil hier et je suis sorti au soleil aujourd'hui ne m'a pas aide, oucchhhh peeling"
18242,je n'ai pas eu assez de soleil 2 jours!
18268,"jour apres le soleil maintenant, je vais profiter aujourd'hui"
18417,je viens de le realiser ensoleille
18562,attendre que le soleil sortira au college
18620,grand nuage sur harlem mais le soleil va sortir
18682,le coup de soleil est tres mauvais
18990,aww lol il y a plus de soleil a venir continue de sourire
19045,"hey, il y a le soleil de ma vie comment allez-vous aujourd'hui?"
19184,va s'asseoir au soleil avec adam et de la nourriture en un peu
19236,va prendre une douche et ensuite aller assis au soleil
19340,merci ... je pense que je ferai juste ca! profitez du soleil en argentine!
19370,je deteste la pluie! ca fait un marquage pour mon dimanche! j'espere qu'il va etre ensoleille 2 mardi! nous avons besoin du bon temps!
19419,au moins le soleil fait ressortir tous les milfs locaux a regarder depuis la fenetre ...
19491,"au-dela, vous m'avez trompe - je viens de faire 2,5 miles au soleil et je me sentais trop presse de 10 milles a la chaleur - vous desirez-vous?"
19533,c'est l'apres-midi ensoleille ici a ma place ... vraiment chaud ...
20000,assis sur la porte et le soleil brille
20051,pas de soleil en gp aujourd'hui! j'esperais vraiment etre au bord de la piscine toute la journee!
20204,passez l'un de vos jours de conge pour vendredi ... il sera gentil et ensoleille
20331,"nous avons exactement le contraire ici dans sa ... l'hiver en route, profite du soleil."
20446,"malheureusement, nous etions de bons garcons et nous nous sommes assis a l'interieur, meme si tout ce que nous voulions etait le soleil et le lolly eclate ..."
20506,detendu au soleil avec christine et karianne! c'est la vie!
20540,"besoin d'aller plus loin, bon but, ce week-end, pour que mon butte fasse marcher et profite du soleil?"
20670,"hey babe, rien ne tente vraiment de voir si je veux perdre mon temps et aller mettre dehors le soleil se cache"
20677,ah matin ensoleille aimerait faire une promenade sur la plage mais ma femme est a la maison malade a faire?
20682,tweeting juste parce que je peux! bon pour avoir une reception decente encore un bon week-end sous le soleil avec de superbes amis!
20708,je regarde sur l'horizon pour ma journee ensoleillee et de 70 degres et toi? la vie est-elle bonne a travers la frontiere?
20783,dehors au soleil faisant c / w: /
20804,je n'aime pas la pluie et le froid - ou est alle la chaleur et le soleil?
20899,bonjour! le soleil brille!
20976,decu par le lever du soleil ce matin.
20978,le soleil se leve enfin ici
21174,"dans le parc regents, garcon, il fait chaud, chaud et ensoleille! mais le vent ne nous laisse pas jouer a frizbi"
21208,"je suis coince dans un embouteillage aujourd'hui, j'ai maintenant un bras brule par le soleil"
21222,"bonjour a tous! le soleil est encore tendu (les doigts croises), nous avons zero 7 a la radio, nous sommes occupes a etre occupes. tout va bien aux tours luxuriants"
21224,tellement pour avoir un peu de soleil ... je vais chez tesco
21243,yo. juste enveloppe le travail sur le soleil. apres un long sommeil ... le sommeil est facultatif
21274,"matin, mon oh mon, c'est humide ... un soleil de southpodisappeared pendant la nuit et a ete remplace par un sudport detrempe!"
21408,"s'habiller, peut-etre aller prendre du soleil et rencontrer mon ancien voisin et son fils"
21529,je veux vraiment voir la gueule de bois moi-meme. pourrait essayer de faire glisser la petite amie ce soir. p.s. ton soleil n'a pas reussi
21564,"je suis tellement brule par le soleil d'hier, ce n'est meme pas drole! bien aujourd'hui, je suis juste en train de chiller dans ma chambre avec ma guitare! 16 jours de plus!"
21597,pensez simplement que lorsque vous serez ensoleille et chaud
21631,"apres plus d'une semaine de pluie, on dirait que le soleil va briller aujourd'hui"
21979,j'ai vraiment ete tres heureux de ce voyage. j'ai eu un bon temps pendant 10 mois. peut-etre que j'ai apporte le soleil?
21997,"hya petillante au travail moi-meme, beaucoup d'employes ont ete malades tellement enerves ... j'avais un agreable w / e et un dimanche de broderie anglais v ensoleille x"
22029,jouit du soleil
22199,bonjour les gars !!! beau dimanche avec le soleil et les gens heureux ...
22254,"bonjour a tous!!!! retour de mes vacances a islantilla, plages ensoleillees dans le sud de l'espagne ... deja le regrette"
22284,mon pere et mon frere me font mouler les coups de soleil. ce n'est meme pas drole. mon visage me fait tellement mal.
22395,le soleil descend ... en train de travailler sur une video
22452,a vraiment besoin d'un peu de soleil !!!!!!!!!!!!!!!!!!!!!!!!!!! ne peut plus faire de froid
22533,"deteste travailler quand il fait soleil, boohoo"
22573,"burritos d'oiseaux libres, w1f 0rf: belles burrittes pour aller dans soho - si ensoleille comme aujourd'hui, jouissiez le mieux dans le cimetiere de st anne au coin de la rue"
22643,"pouah. trop chaud, s'est endormi au soleil pendant 3 heures sans ecran solaire, alors maintenant je suis mal a l'aise et brule par le soleil."
22664,"il pleut aujourd'hui, j'espere qu'il sera aussi ensoleille que hier! * hmm * .. au moins c'est plus facile d'etudier alors ..."
22723,"rme examen demain, je vais sucer d'etre coince dans une salle pendant 2 heures quand je pourrais etre au soleil mieux reviser un peu plus"
22762,"est revision centrale, manque de soleil"
22783,il faisait du the maintenant ensoleille et humide a l'arche.
22830,c'est ensoleille ou vous etes? il n'y a pas de soleil a ballymena
22869,"whitsun whitsun whitsun, au moins nous avons le soleil ici"
22923,soleil brule au cinema mhmm
22973,"seulement une demi-journee au travail et le soleil brille yay, yipee, woo hoo"
23024,"est en hausse, le soleil brille et j'ai un jour de conge."
23107,"heureux de l'entendre. je suis en route pour travailler mais c'est vendredi, le soleil brille et le patron n'est pas la!"
23141,"a apporte du cidre dans asda ... vraiment envie de s'asseoir au soleil, relax et amp; drinky .. mais l'examen demain sera a mi-chemin apres ca!"
23193,ne semble pas que les previsions resteront ensoleillees pendant une longue periode de crappy que nous avons en ce moment
23231,dentiste bientot noooooo il est trop ensoleille pour etre dans une salle d'attente etouffante
23324,je meurs de faim. j'ai besoin de nourriture et j'ai besoin que le soleil se releve. ou est-il alle?
23327,"j'ai reveille ce matin avec le texas dans mon esprit. tres pret a etre dans de nouveaux braunfels flottant la riviere avec le soleil, une biere & amp; mes meilleurs amis."
23335,quelle est la raison pour laquelle vos fenetres s'ouvrent sur une journee ensoleillee si vous devez supporter quelques git et sa tondeuse a bois
23402,"... c'est et je deteste conduire quand il pleut ... ppl agir comme ils ne peuvent pas conduire !!! maintenant, je dois reparer mon pare-soleil friggen"
23409,"assis au soleil, a l'ecoute de gomez, en sirotant un jus de vanille, honte, c'est au travail"
23438,"j'acheterai 4 chemises, 4 shorts, une paire de ""spy"" * mode * lunettes de soleil, & amp; un sac a dos de skate!"
23566,"c'est une journee glorieusement ensoleillee, mais je devrai rester a l'interieur, 2 projets ruses qui doivent etre completes aujourd'hui"
23569,je viens de me reveiller et je me leve maintenant pour un cafe au soleil
23650,j'aimerais que je sois dans le manchester ensoleille qui a ete repere dans le centre de traford il y a environ une heure btw
23654,"ivre, brule par le soleil et regarde les brasseurs."
23688,"en effet, il est ... et pas de lunettes de soleil a porter ... jvoooo!"
23701,tremper le soleil a miami! c'est la vie
23718,nous esperons que nous allons a la plage demain! je veux m'asseoir au soleil! n mouillez. rip gloria taylor = (
23756,j'ai des coups de soleil sur mes genoux la prochaine fois je dois me souvenir de mettre un bloc-soleil sur eux
23861,"conduit de morecambe ou le soleil brille, a sunderland, ou il ne l'est pas."
23929,"je vais prendre le soleil toute la journee, je ne sais pas comment faire ca, mysti a du me parler par etape! xxx"
23930,souhaitant que le soleil revienne.
23936,"si j'etais la, vous savez que j'offrirais chaque bande-bande sous l'effet du soleil."
23983,le temps de sortir au soleil pendant un moment. besoin de ramasser des trucs pour le diner ... amour vendredi
24041,- j'ai consulte mon mari et il me rappelle que nous ne pouvons pas arriver a la moro c4ro mais le prochain soleil? b gr8 peut-etre?
24086,"le temps est charmant, j'ai termine mon travail sous ma ""reparations informatiques & quot; chapeau et je revise maintenant, mais au moins ca peut se faire au soleil"
24125,est-ce qu'il y a quelque chose de mieux qu'un velo au soleil suivi d'une biere?
24162,"un autre jour au bureau, le soleil eclate du ciel ... et les femmes vont bien ... retour au clavier"
24413,plus tard les tweeps! aller au travail et profiter du soleil
24604,je deteste que mi-temps ait roule du cote ensoleille maintenant colle avec de la pluie dans lansing!
24679,a londres pour s'enerver sur un toit! j'espere que le soleil brille!
24708,aimer le soleil
24840,"partout ou le jour nous prend! sur la route vers toi, il s'eleve au mo, le soleil se reveille!"
24948,joyeux lundi! c'est charmant et ensoleille! je peux voir une journee vraiment proactive au travail
24950,oh mon soleil est sorti - wohooo bienvenue au soleil !!!
25071,"quand le soleil brille, nous allons briller ensemble (8) ... je deteste rihanna, mais j'aime mcfly"
25080,"nyc: combinons les plaintes meteorologiques d'hier avec des eloges pour cette belle journee! vous connaissez le soleil, continue a briller ..."
25211,"a une longue liste de choses a faire aujourd'hui. apprenez vray, faites de la table, fixez le telephone, travaillez sur l'expose, recuperez de la nuit derniere ... ensoleille"
25274,"awww, vous avez bio toute la journee! ne vous inquietez pas, allez vous asseoir au soleil et revisez, cela vous rendra plus heureux. (:"
25540,"j'ai manque le soleil, car il etait trop occupe, et les ennuyeux dans les magasins devront le compenser le week-end! x"
25556,cela me fait envie de me souvenir d'une periode de danse au soleil et de manger des marshmellows et de voir des arc-en-ciel
25570,si il pleut un jour de plus a nyc imma b ennuye ou est mon rayon de soleil
25610,"manger du coucher du soleil, la salsa de mangue est tres interessante et bonne, mais surtout interessante"
25652,"j'adore le temps, mais arghh mon visage est un peu ok, beaucoup ne brule pas une bonne gifle sur la creme de soleil des que je sors de la porte"
25751,pourquoi pleut-il en belfast? ce n'etait pas ce qu'on nous avait promis! qu'un jour de soleil est probablement tout ce que nous allons obtenir cette annee
26139,"hada wicked day au soleil avec les filles, mais le coup de soleil va tuer demain!"
26141,le soleil brille! je sors! les choses ont l'air bien
26160,bonne journee ensoleillee! oublie les nuances a la maison!
26207,"2day a ete incroyable. j'ai vu tant de gens que je n'ai pas vus depuis un certain temps, sans toutefois penser a ca! le soleil apporte le bonheur"
26257,le soleil ne me plait pas. brule
26261,j'ai ramene le soleil
26296,"est heureux de voir un tel magnifique, ensoleille et journee fraiche! profitez de tout le monde!"
26398,........... je veux lire le soleil de minuit ........
26413,n'aime pas travailler pendant les journees ensoleillees
26577,c'est tellement beau et ensoleille! le temps d'obtenir highhhhh
26594,un rare ciel ensoleille au-dessus de manchester aujourd'hui
26639,"mmm, des fleurs comme celle-ci? ------ & gt; une fleur ensoleillee"
26652,le soleil est sorti et personne n'a le temps pour moi!
26655,j'aimerais avoir apporte des vetements plus chauds. c'est froid ici. seulement une chose negative sur le voyage (et le non-soleil qui est relie a la frenesie)
26719,a shangri-la en train de tremper le soleil. j'espere pouvoir inviter tout le monde! je manque mon equipe. aller faire du shopping...
26745,assis a l'exterieur sur le pont en regardant les nuages   pendant que le soleil est parti. c'est tellement chaud ...
26797,"froid, froid, matin froid !!!!! ou est le soleil? je gele"
26814,"bien au-dessus, s'est avere etre magnifique et ensoleille plutot que pluvieux. maintenant pour savoir comment sortir du travail tot"
26846,coups de soleil sur mon visage. oh non.
27077,vin & amp; degustation de biere sur une belle apres-midi ensoleillee ... je n'arrive jamais a travailler! blague
27127,"boutique fermee pour le week-end, le soleil est alle a peu pres au meme moment. coincidence?"
27390,je vois le soleil. je vois mon calendrier. je vais a ma lecon. je ne vois pas le soleil.
27633,arrete de grandir! je ne veux pas porter de lunettes de soleil tout le temps la ... arretez de grandir!
27676,en regardant les anciens episodes de 90210 parce qu'il n'y a pas de soleil
27937,"oui, j'ai eu le meme probleme, principalement en raison de la quantite obscene de lumiere du soleil dans ma chambre ... 9 heures du matin, le dimanche, est fausse."
28151,"j'aime etre jusqu'a 4 heures du matin. def un plus a etre malade. maison tranquille, marathons brady et anticipant un beau lever de soleil."
28152,hier etait incroyable sur l'eau et le soleil est venu pour une visite. profitez aujourd'hui les 5 prochains jours de pluie en nyc
28174,j'aime le soleil
28244,ne pas aimer le soleil brule tout autant que l'ete britannique
28256,j'ai un peu trop de soleil aujourd'hui
28265,je sais - ca a commence tres agreable mais maintenant un grand nuage sombre a couvert le soleil
28351,"pleuvoir a nouveau mais le soleil est sorti. arc-en-ciel en route (: ecole de theatre, plus de tests!"
28363,"la musique, l'ethique et moi ... ahhh souhaitant des journees ensoleillees et branles et kidnappes ..."
28414,a la maison de passer la journee avec mes deux filles face bonne journee! esprit brule par le soleil hahaha pfft.
28445,- coucher de soleil ... vue depuis le studio de notre toit
28451,"deja brule par le soleil et je viens d'arriver hier. et c'est sur mes jambes, ce qui suce. mais autrement que oui, je suis."
28498,le soleil a mange cinq roses apres avoir mange 4 seulement trois jours. c'est _messed_ qu'elle suit bien pour atteindre 6 pieds grrr. parc jurasic
28614,"je viens de rentrer d'un diner de jour de pere ... c'etait sympa, mais mon coup de soleil me fait vraiment mal ... et je pense que c'est presque aussi rouge qu'une tomate"
28649,fatigue de la pluie meme s'il est bon pour les cultures. ou est le soleil et quand mon ete va-t-il vraiment commencer?
28667,lecture exterieure avec mes lunettes de soleil et une lumiere bourgeoise ... ahhhhhh
28811,je suis actuellement assis dans mon jardin en train de lecher le soleil. honte de devoir etre au travail en 2 heures
28912,je suis hors service apres 20 jours ouvrables. le soleil brille et les filles ont moins de vetements. no printemps doux
29032,brise par le soleil
29045,ne le dites pas! la seule chose pire qu'un jour triste est une belle journee ensoleillee que vous devez manquer ...
29046,au soleil est incroyable
29173,je ne profite vraiment pas d'etre de retour au travail apres un brillant week-end au soleil avec tous mes amis
29176,est etonne de voir a quel point tomber. mais le soleil est brillant. et les fleurs sont merveilleuses. et j'ai du chili en train de fumer pour le froid!
29435,"ciel bleu, soleil brillant et je suis coince au bureau"
29473,la vue du coucher du soleil est si belle de ma chambre!
29476,"aimer le soleil aujourd'hui, meme si je pensais que je devrais reviser. pas une bonne journee cependant, a ete a tous les kates, merde jour pour qu'elle benisse son x"
29504,a la plage !! wooo absorber un peu de soleil sicilien (et guerir mes blessures au velo)
29569,ete sorti sous le soleil. pense que nous allons faire un pique-nique
29618,wooooo! le soleil est la! je vais ... er va au travail!
29726,appliquer une lotion apres-soleil a un visage particulierement pointu ...
29729,je recois 2 previsualisation de la bataille new placebo 4 le soleil 2morrow je me retrouve 2b decu je ne peux pas aimer le nouveau batteur veut hewitt retour
29793,"le temps tourne, plus de soleil pls."
29797,"je me sens coupable si je me detends beaucoup! inconvenient d'etre engage! s'asseoir au soleil avec un bon livre & amp; dejeuner, amusez-vous aux spectacles"
29910,"salut soeur!!!! c'est finalement magnifique ici a calgary avec le soleil brillant, les oiseaux chantant & amp; et tout ca!! hahaha! je t'aime!!"
29980,en lisant la republique dans un champ au soleil. parfait
30264,"lire ""laisser le bon dans"" quitter "" au soleil et attend le babeque dans le jardin ce soir. la vie est belle"
30268,"boire du the en attente avant de partir pour travailler. la pluie s'est arretee, le soleil essayant de traverser. deux pics sur les mangeoires ce matin."
30341,"le vent a ete ... je me demande du soleil, donc je peux au moins passer d'un rouge a l'autre blanc"
30534,"oui, c'est vraiment une belle prevision. soleil le matin, douleur l'apres-midi"
30641,"non, je l'espere, je n'ai jamais ete brule par le soleil dans ma vie."
30657,"merci a l'aube ... soleil, amis, amour et rire ... tout bon pour l'ame"
30665,"colle au travail sur une belle apres-midi ensoleillee a nyc, comment vas-tu?"
30798,se prepare a faire une sieste. je pensais que le soleil allait sortir aujourd'hui
30812,va profiter du soleil aujourd'hui
30949,"les coups de soleil semblent s'aggraver, je ne peux pas bouger mes bras"
31044,profiter du soleil - prematch!
31059,souhaite que le soleil sortira
31111,matinee belle journee ensoleillee wow
31169,"le soleil du matin est le foyer de mon mari a la maison maintenant, alors rose et amp; je dois etre silencieux! jour 2 zyrtec! la gorge est encore fraiche, mais les yeux sont meilleurs!"
31299,"le dimanche matin, la pluie apporte le soleil a nouveau!"
31499,matin. mon dos a pris un peu plus longtemps que je ne pensais ... d'abord. j'espere que vous appreciez le soleil ... je suis coince au bureau
31548,"reveille tot, mais un autre matin ensoleille et en cours de diffusion fonctionne donc, tout va bien"
31617,bonjour a tous. pres de mettre le soleil pendant un moment.
31646,vous ressemblez a une journee ensoleillee lorsque je regarde a l'exterieur et c'est un assaut
31858,"j'ai apprecie un beau coucher de soleil paisible, j'ai ferme les yeux et j'ai eu un bon moment zen, que je vis a cultiver a chaque instant"
31912,"ce froid me tue. serieusement. pourquoi ai-je un rhume maintenant, de tous les jours ensoleille dans ce pays? donne-moi un jour pluvieux alors!"
31921,j'ai un mal de tete tellement horrible et mon coups de soleil se decolle hahaha fml
32006,"j'espere que votre fin de semaine est ensoleille aussi, la meteo est magnifique aujourd'hui a newcastle."
32068,"je ne peux pas croire que le soleil ne gere pas un article sur eurovision en ligne ce matin! ah bien, c'est dimanche, c'est plus important!"
32122,sortir au soleil
32166,je sens que l'hostilite pensait que le soleil brillait a la mi-s-n aujourd'hui?
32231,"ce long week-end de pentecote commence tres pluvieux, pas de chance d'avoir un peu de soleil"
32249,je ne trouve pas mes lunettes de soleil.
32265,"je peux voir le soleil briller, la brise et les gens qui les apprecient, mais je n'en ai aucun dans le bureau ..."
32414,les soleils brillant pourquoi suis-je tellement desagreable .........
32500,yay le soleil est de retour aujourd'hui! diner avec kate ce soir! yay quelqu'un que je connais! butt bad news ... je viens de partir par un hotel sans la cle de ma chambre ... ugh!
32559,"ahhh, le soleil est sorti pas aussi froid maintenant, bon temps!"
32632,"off dans le soleil dans une ecole de min ,, etait turd watchin phineas & amp; ferb en ce moment ... aha xd"
32666,sur le cote ensoleille de la rue. marcher pour prendre un cafe avec maman.
32723,xoxoxoxo suspendons ce week-end 4real. cawl miiii .. si le soleil sort ... la plage
32728,le melon et le vin au soleil
32786,"quel beau jour nous avons a l'exterieur, froid mais le soleil fait son travail pour nous rechauffer"
32979,heureuse hannon-pop pour une journee ensoleillee.
33115,coups de soleil 2 jours de suite dehors au soleil = mauvaise idee
33187,yay est ensoleille encore une fois
33273,le soleil se leve sur le lac ... et je suis au travail ou je ne dors pas jusqu'a present
33316,as-tu le soleil? nous n'avons pas
33317,j'ai pris du soleil sur mes joues aujourd'hui.
33399,une autre journee ensoleillee dans la limousine!
33404,j'ai de nouveaux lunettes de soleil ...
33410,aaarrrgghhhh !!!! coups de soleil + eau = echec epique
33461,"bien que vous portiez des lunettes de soleil, je peux voir a quel point vous vous sentez mal a l'aise. pauvre sam."
33464,l'alcool a commence. bientot. soleil brillant. merveilleux
33654,a dormi jusqu'a 10 heures - mangeait le petit-dejeuner - faisait la salade et preparait le barbecue ... la vie est geniale quand le soleil brille. lena et thomas wissiting
33665,haha peut-etre nous avons parle trop tot! le soleil me chauffe finalement alors que je suis assis ici en regardant le bois decoupe! zumba demain!
33688,"il pleut son versement, au revoir le soleil"
33820,"ooo, beaucoup de choses a relever! je n'ai pas regarde twitter depuis des annees. regarder manu vs everton apres avoir ete sorti au soleil"
33846,a fait un test ce matin ... a travaille ma colere parce que le test etait difficile! et maintenant va mettre en avant et finalement obtenir un peu de soleil!
33914,"je suis une frappe de moka au caramel bronze:] merci, soleil! priez, j'arrete de peler"
34111,"- pauvre lil mousey, juste dehors en profitant de la journee ensoleillee. je ne pense pas que je me sentirais si mal si c'etait un gros rat gnarly. dbl standard? oui."
34401,"hey, ces chansons? juste de retour de skul: | ensoleille comme me tuant: |"
34421,"je peux voir la lumiere ... oh, attends, c'est le soleil qui monte."
34430,"aujourd'hui, je fais tout le temps quelque chose pour l'ecole, mais je me suis couche au soleil et j'ai fait mes devoirs ..... i & lt; 3 summertime"
34675,a un tres mauvais coup de soleil ...
34720,"le soleil rend tout le monde a l'aise - moi inclus. mgmt, 24'c et sun sun sun ="
34858,"eh bien, j'espere que le soleil reste pour toi je vais bien merci, faire des choses folles aujourd'hui, mais apafrom that ok lol"
35287,"le soleil est blazin, l'air est chaud! mais je fais une vie de frek hmwk une radio de haie de chienne on ne peut meme pas vraiment la considerer"
35405,"meme lorsque le soleil n'est pas le plus brillant, & amp; l'ocean n'est pas plus etincelant ... la vie est meilleure a la plage! (espc. jensen beach, fl)"
35482,"lol, j'ai fait l'entrainement hi-fi au tapis roulant (merci) et un peu de poids. toujours pas ensoleille mais lol"
35566,les messages sous la lumiere du soleil sont difficiles! tant de fautes de frappe parce que je ne pouvais pas voir correctement l'ecran
35595,"j'etais en dehors des bains de soleil, mais le vent etait trop froid. et je suis revenu a nouveau."
35621,a hollywood au coucher du soleil pres de fairfax. ces pancakes devraient etre interdits !!!
35669,sur le point de se promener dans la colline ensoleillee a tesco ... faire du shopping a l'estomac vide peut etre une grosse erreur - qui sait ce que j'acheterai !!!
36036,souhaitant une journee ensoleillee! en aucune facon
36127,"si triste, je suis brule au soleil sur mon dos, pas tellement, cependant (:"
36228,merci gros merci! je dois aimer ce soleil - beaucoup de vit d
36259,yay un jour de conge et beau soleil
36287,pour continuer a ecrire mon roman au soleil avec un verre de cidre
36472,regarder vers l'est et amp; down w / et les amis de la maison apres une longue et belle journee au soleil! aimer la vie
36537,temps de consommation paresseux avec les amis et les habitues. belle journee au soleil
36541,"matin hayley .... the vert et toasts, je m'assois dehors au soleil, mais ce n'est pas ca ""chaud"" .... lol"
36636,le soleil a ete vole du ciel oh belfast pourquoi devriez-vous avoir du temps crap?
36770,chillin sur la plage regarde le coucher de soleil d'alabama
37189,"aimerais celebrer le soleil avec un piratage dans une chambre faiblement eclairee, mais remplira probablement des applications de travail plutot"
37247,"beaucoup de bains de soleil, j'ai maintenant des lignes de bronzage et je l'aime"
37330,"tu me manques! j'espere que vous etes en plein soleil en floride et que vous ne pouvez pas sentir votre kankles vraiment, farrah fawcet"
37359,"feu amical = tonalite !!!!! maintenant, je danses dans le soleil !!!! ooooops desole je sais que vous avez manque de mauvais moments"
37377,"il a plu ces derniers jours, mais c'etait ensoleille aujourd'hui! bien, pendant un moment. maintenant c'est super nuageux!"
37503,"c'est pas, rapportez-vous le soleil"
37527,"je suis etonnamment heureux aujourd'hui, le soleil est sorti et je defends aussi"
37626,nous sommes en vacances sur la mer noire. c'est une journee ensoleillee aujourd'hui ...
37821,"oui, le soleil est la"
37825,"je renonce a esperer que les previsions seront correctes, la plupart de l'annee. mais quand ils me promettent le soleil, je veux qu'ils aient raison!"
37991,"rapide, allez prendre un parapluie et le soleil va revenir! fonctionne toujours"
38086,"beau lever de soleil a sheffield ce matin. gros boule rouge en flammes. le soleil je veux dire, bien sur"
38242,"je suis reste coince sur le canape! maintenant, les coups de soleil souffrent"
38329,"est eviscere, elle a du passer cette journee ensoleillee au travail!"
38402,j'aimerais pouvoir profiter pleinement du soleil ...
38403,j'adore le soleil ... ne pense pas que ca m'aime trop!
38506,a trois competitions en cours d'execution - billets de concert et amp; lunettes de soleil verifiez www.onesmallseed.net pour decouvrir tous les details.
38564,je viens juste de revenir sur un bain de soleil nu
38616,"peut-etre que cela vous a suivi parce que vous ne pouvez pas etre au soleil? lmao. wow, je parie que tu n'entends jamais ca, hein .... haha   jk"
38675,"parfois, le soleil brille comme il y a 10 secondes, alors ces nuages   de fuckin viennent et le couvrent ... me souffle bien, bien ... je suis deja assez bronze;)"
38768,- il ne pleut pas bk en angleterre il est ensoleille ici en blackpool =] ont un temps gd dans nice (h) x
39244,washington n'est pas ensoleille non plus
39316,je suis plutot sur d'avoir un nerf pince depuis samedi et je n'ai pas envie d'aller au travail !! plus je suis epuise du bateau & amp; soleil
39526,assis dehors au soleil
39565,juste devoir etudier et il fait beau et ensoleille
39567,je me sens comme l'un de ces vampires qui fondent au soleil ... ce n'est pas tres confortable. mah!
39676,la gueule de bois et le soleil brule !!! quelle mauvaise combinaison
39701,"pas seulement un coucher de soleil insense. les feux sont au nord de la a santa barbara, c'est plutot mauvais"
39826,tommorow ca va etre ensoleille! pas de pluie mais vendredi de gros nuages
39842,se preparer pour une journee ensoleillee sur le voilier
40011,"la premiere journee vraiment agreable de l'annee, nous etions dehors la plupart du temps! les enfants ont des coups de soleil. c'etait une chose sur laquelle je ne pensais pas."
40016,"mishmish louay & amp; je vais a vienna, la premiere chose, le matin du soleil"
40131,imma sort pour profiter du soleil
40147,la journee au parc semble amusante ... obtenez un peu plus de soleil
40182,"j'ai passe une belle journee aujourd'hui, j'adore le soleil, manquant mon homme, il est absent tout le week-end xxxx"
40213,ou est le soleil sanglant disparu
40231,"reveille-toi! paresseux. les stores sont fermes, mais je vois que ce n'est pas ensoleille aujourd'hui. awh"
40364,brules par le soleil!
40387,oh mec ... le soleil arrive et je ne suis pas encore alle au lit
40513,est sur le point d'aller au bureau. triste de voir que le soleil est presque parti
40583,"aah, fraichement douche et rase, j'aimerais juste etre dehors au soleil plutot que coince sur le portable en marche!"
40684,le soleil brille et je suis au travail
40810,hey frankie! x ce que vous avez fait aujourd'hui? x le temps a ete miserable je veux le soleil! x
41426,beneficie d'une apres-midi ensoleille!
41555,des suggestions pour aider a un mauvais coup de soleil?
41602,je viens de me reveiller avec un beau soleil et une tasse de the. mon ipod ne tiendra pas mon casque et je suis sur twitter .... addict !!
41841,"yeap ~ c'est plus froid que le college d'etat, mais se sent tres bien quand il fait du soleil. le quartier de gaslamp du centre-ville a l'air cool aussi"
42015,tapas at trevelez !! publiera une photo via wifi plus tard. les jambes chaudes et ensoleillees ne sont pas trop fatiguees
42047,"le travail d'aujourd'hui a ete un peu brule hier, mais je n'etais pas encore tres au soleil, mais j'ai des bras tres rouges"
42155,aimer le soleil! dans le jardin ne grandissant pas de radis
42215,a joue un tournoi de football et j'ai tellement brule le soleil!
42326,le soleil brille! css appelant!
42390,"je m'ennuie bien le temps est pluvieux, il n'y a pas de soleil et je suis seul a l'ecole car mon bf est malade"
42424,"le soleil annule son nouveau projet de puce uber, l'accord oracle doit avoir un effet"
42429,"la pluie actuelle, alors que je suis au travail, n'est pas si grave. juste s'il vous plait, dieu, laissez-le clair et ensoleille le week-end ..."
42485,"ensoleille en belfast, vous l'obtiendrez demain je m'attends!"
42604,"wow les soleils, mais je suis coince dans la revision .. urgh .. temps de cereales!"
42737,holly prend le soleil dans le jardin
42768,c'etait tellement ensoleille aujourd'hui que je me suis brule !!
42936,mon train s'harmonise rapidement. je vais bruler le soleil ici!
42954,regarder par la fenetre ... c'est tellement injuste que je dois etudier! le soleil brise les rochers !!!!!
43173,"il pleut ... tout etait beau et ensoleille hier, mais maintenant c'est horrible ... apporte l'ete, comme maintenant !!!"
43377,jusqu'a la fin de la nuit apres avoir pris une boisson avec des amis maintenant pour avoir du brunch et aller le soleil moi-meme ... je sens que ce modele sera mon seul
43387,up depuis 7 !! pret a se prelasser au soleil ...
43528,journee ensoleillee. choses a faire.
43551,vous avez de la chaleur ??? nous n'avons meme pas le soleil en ce moment
43650,"quel parfait dimanche matin !! le soleil brille, je me sens tellement bien pour un petit-dejeuner parfait !!"
43701,je me deplace vers un endroit chaleureux! deteste le froid et c'est meme ce froid ici. manque le soleil et les 25-30 degres. je le fais vraiment!
43778,"un peu bronze, somnolent mais tres heureux apres un week-end ensoleillement a boozeburg, le campus sec ... des choses amusantes et bouncy"
44101,est en fait brule par le soleil
44226,va marcher dans lathkildale - profite du soleil aujourd'hui!
44251,"aller a westend maintenant, profiter du soleil."
44252,"lol, accedez au soleil, a quoi ressemblez-vous! oui, pro serait plutot doux"
44355,"malheureusement, le soleil semble avoir deux jours de conge. mauvais temps 2 jours apres 2 jours de soleil essayant de se reveiller. ecouter linkin park v v loud"
44513,"fatigue du coup de soleil dc. belle en ce moment, mais j'aurai des tempetes plus tard une fois que je serai sans travail et je vais au camping."
44726,"bonjour, les tweets attirent une autre journee ensoleillee en fl"
44743,aimer le soleil; j'espere qu'il dure
44942,"le 11 juin 2009 est le dernier jour de ma vieille ecole et le premier jour d'une longue et ensoleillee periode d'ete, mais c'est aussi triste parce que je vais regretter"
45012,"oui, quand vous etes alle au soleil quand avec vous"
45052,"b: lorsque vous lisez ce texte, ce sera le matin si bon soleil du matin! & lt; 3 je t'aime beaucoup! & lt; 3 & lt; 3 & lt; 3 - a"
45068,le soleil est alle maintenant
45193,a mi-chemin de la journee de travail. a ete un veritable jour ensoleille et pluvieux
45198,bonjour soleil. c'est la journee qui bouge! j'ai eu mon z pour une fois.
45338,"c'est dimanche ... et il y a plus de serveurs unix pour jouer avec, et des clusters vcs a construire. ... je prefererais etre dans le soleil."
45479,"le soleil brille. les oiseaux chantent, et je me rends a une reunion de financement"
45664,ou est le soleil se preparer pour ma journee!
45697,"toujours faire des essais et souhaiter que j'etais au soleil, je ne veux vraiment pas aller au travail ce soir, ca fait du bon temps ... mais un pique-nique pour le dejeuner xxx"
45820,les billets de vacances sont arrives et le soleil est sorti ... je suis heureux
45843,c'est d'accord. les coups de soleil seront disparus ...
45863,attendre le lever du soleil avec patrick 1 heure et 20 minutes restantes
45907,est un emballage qui signifie que je manque le soleil ensoleille
45970,"retour de jouer au football au soleil ... tres chaud mais pas joue au football en semaines, donc c'etait une bonne cuisine dans le four ...."
46049,"oh, il fait tellement de soleil."
46055,j'aimerais que le soleil soit sorti. j'ai fait un peu de nettoyage. je peux completer certaines applications. mais j'aimerais lire au soleil
46093,"deprime que, dans une journee si ensoleillee, le seul peu que je verrai est la promenade de deux minutes de victoria underground"
46221,"la position du soleil combinee a la fenetre de mon salon etant ouverte, je peux me faire bronzer sur mon canape avant de travailler"
46316,ce week-end se manhattanhenge lorsque le coucher du soleil est aligne avec les rues est-ouest sur la grille de manhattan.
46332,j'ai aime les coups de soleil incroyables du flux scintillant)
46525,"se promener dans le parc pour faire de l'exercice et cerceau ... merde a du attendre jusqu'a ce que le soleil tombe, il faisait trop chaud! lol & amp; je suis toujours malade"
46619,mise en place pour l'obtention du diplome. c'est une belle journee ensoleillee ici en ohio.
46700,le soleil a augmente! bonjour a toi!!!
46705,hey regarde pas de soleil encore aujourd'hui
46757,- le bonheur est un rayon de soleil chaleureux.
46877,"matin! mon dernier jour dans un jardin ensoleille, retour 2 travail 2moro xx"
46942,je suis brule par le soleil.
46953,"pourquoi est-ce que lorsque le soleil brille, je dois aller a la pratique du groupe?"
47034,"vous avez la tempete?!? awwww man, il est lumineux et ensoleille ici"
47073,retour a la piste avec de nouvelles chaussures et des lunettes de soleil
47177,"hey, le soleil est de retour"
47179,du camping ... semble que le garcon a un peu trop de soleil (sans ecran solaire! tsk tsk) et ne bouge pas. pensez-vous que nous restons ... pas de barbecue
47556,aimer le soleil dans mon short et t-shienjoy le pendant qu'il dure
47570,"il fait merveilleusement ensoleille a l'exterieur. je vais bronzer une fois que je finis de regarder le nouvel episode de jonas, j'aime kevin. il me fait rire"
47639,je profite du soleil et je vais prendre le chien sur la plage pour marcher ... pas de travail pendant 12 jours .... yipeeeee
47727,le soleil brille incroyablement
47758,je pense que je viens d'avoir un coup de soleil sur le dessus de ma tete
47797,a egalement mange de la pizza et detendu au soleil sur la plage
47805,"a un examen de mathematiques aujourd'hui, mais seulement 2 heures d'ecole alors a la maison pour profiter du soleil et reviser pour le lundi & lt; 3 x"
47950,"merrick a la piscine w / hat & amp; lunettes de soleil = inspirante. une petite fille s'arreta et chuchote a sa mere, ""elle est si chic"". & quot;"
48146,"je me suis tellement brule sur mes epaules aujourd'hui, c'est la pire chose a propos du soleil ... mais j'ai eu un beau bronzage sur le reste de mon corps"
48186,le soleil etait assez doux et maintenant il est de retour au travail mais seulement un mois jusqu'a ce que je puisse retourner a la maison yay !!
48194,"de retour au bureau ... bleh. donc je n'ai pas envie de sortir du soleil, j'espere qu'il sera toujours sympa a 4h30!"
48254,"l'allemagne, pas de soleil"
48335,joyeux anniversaire nan bonne journee ensoleillee aujourd'hui j'ai ete agreablement surpris
48349,beaucoup de soleil mais trop de choses a faire a l'interieur pour l'apprecier.
48534,"et il est encore a l'heure de la lumiere du jour qui est un changement, peut profiter d'un beau coucher de soleil, mais souhaitant etre loin sur une plage quelque part. tant pis"
48539,manquant tout le plaisir parce que le soleil a viole ma peau ... avec un style de bouteille casse
48620,samedi et le soleil est sorti.
48757,"toujours en attente?? champ petrolier typique;) sans shrooms, mais beaucoup de bbqing, booze et bavardage! pas aussi ensoleille aujourd'hui"
48795,c'est le jour d'etude le plus difficile possible. tout le monde au soleil et amp; les voisins se jettent dans leurs jardins! & amp; ma chambre est comme un sauna.
48819,"oui, comme je le pensais ... j'ai ete brule par le soleil."
49063,voyons si le soleil va rester dehors aujourd'hui! sinon je saute du toit ... plse sun .. brille pour moi !!! pas de pluie!!
49204,"merci. je comprends que demain devrait etre ensoleille. bien sur, je travaillerai alors"
49361,ou est le soleil?
49509,"bonne nuit a 5h du matin, mon fils a decide qu'il etait plus approprie de dormir quand le soleil se leve (ou est en remontee) que lorsqu'il est en panne ..."
49610,c'etait un bon sommeil. se sentir mieux et la cheville semble s'ameliorer legerement (ne s'est pas aggravee). journee ensoleillee. je vais essayer de profiter
49675,"de l'ultramarathon du coucher du soleil, a 52 km. une vieille blessure au tendon a eclate. reduit a la coque a 4 km / h."
49681,"vous savez comment vous vous sentez, je suis coince a faire du travail et tout ce que je veux faire, c'est aller en voiture et profiter du soleil"
49912,mon travail est fait pour aujourd'hui - ciao twitters jusqu'a ce que je voie les lendemains soleil muah *
